"Launch Angle Range (degrees)","Exit Velocity Range (mph)","Predicted Probability of a Hit"
-85,70,"3.2%"
-84,46,"8.8%"
-82,48,"5.0%"
-82,49,"3.8%"
-82,51,"17.0%"
-82,53,"28.0%"
-82,56,"16.6%"
-82,60,"4.2%"
-82,63,"35.8%"
-82,65,"6.6%"
-81,42,"10.4%"
-81,48,"14.4%"
-81,79,"16.0%"
-80,38,"27.2%"
-80,49,"8.0%"
-80,58,"15.8%"
-79,51,"20.0%"
-78,48,"12.4%"
-78,89,"11.6%"
-77,37,"21.6%"
-77,53,"20.0%"
-77,55,"12.2%"
-77,70,"18.8%"
-77,73,"20.8%"
-77,75,"6.4%"
-77,77,"8.8%"
-76,52,"25.4%"
-76,60,"6.2%"
-75,40,"26.6%"
-75,50,"6.2%"
-75,51,"13.2%"
-75,60,"15.2%"
-75,63,"36.0%"
-75,69,"7.4%"
-74,52,"19.6%"
-73,42,"14.8%"
-73,48,"9.8%"
-73,51,"5.6%"
-73,56,"8.2%"
-73,59,"4.8%"
-73,60,"10.2%"
-73,61,"19.8%"
-73,76,"25.4%"
-72,40,"33.8%"
-72,46,"18.6%"
-72,60,"1.2%"
-72,65,"20.0%"
-72,66,"2.2%"
-72,73,"29.6%"
-71,40,"24.8%"
-71,42,"21.4%"
-71,44,"17.8%"
-71,50,"9.0%"
-71,51,"29.6%"
-71,53,"20.2%"
-71,58,"15.8%"
-71,62,"11.1%"
-71,64,"12.4%"
-71,66,"10.0%"
-70,40,"1.4%"
-70,41,"1.4%"
-70,54,"11.6%"
-70,55,"7.5%"
-70,56,"24.0%"
-70,57,"20.8%"
-70,62,"9.3%"
-70,65,"12.2%"
-70,73,"32.4%"
-70,77,"24.2%"
-69,43,"13.6%"
-69,44,"11.0%"
-69,48,"24.2%"
-69,51,"20.8%"
-69,54,"3.0%"
-69,57,"10.8%"
-69,64,"18.4%"
-69,65,"7.8%"
-69,66,"10.4%"
-68,57,"24.4%"
-68,64,"22.8%"
-68,75,"2.4%"
-67,44,"17.8%"
-67,45,"23.4%"
-67,50,"12.4%"
-67,54,"26.6%"
-67,55,"10.4%"
-67,57,"4.0%"
-67,70,"2.8%"
-67,79,"4.2%"
-66,40,"20.6%"
-66,45,"26.4%"
-66,49,"25.2%"
-66,52,"18.2%"
-66,53,"14.1%"
-66,55,"4.2%"
-66,56,"10.4%"
-66,60,"22.2%"
-66,61,"2.8%"
-66,64,"14.0%"
-66,66,"6.4%"
-66,70,"31.2%"
-65,49,"23.6%"
-65,58,"15.8%"
-65,62,"17.5%"
-65,73,"22.6%"
-64,40,"25.8%"
-64,48,"26.8%"
-64,49,"15.6%"
-64,50,"5.8%"
-64,52,"12.2%"
-64,53,"16.8%"
-64,56,"14.2%"
-64,57,"7.1%"
-64,58,"4.2%"
-64,61,"6.0%"
-64,65,"5.4%"
-64,72,"15.4%"
-63,47,"7.0%"
-63,50,"28.8%"
-63,54,"13.1%"
-63,60,"4.6%"
-63,62,"15.0%"
-63,63,"35.6%"
-63,68,"18.7%"
-63,75,"17.0%"
-63,76,"13.8%"
-63,80,"21.4%"
-63,82,"20.8%"
-62,45,"24.4%"
-62,52,"28.6%"
-62,53,"12.8%"
-62,54,"22.6%"
-62,57,"15.8%"
-62,59,"19.6%"
-62,61,"11.7%"
-62,62,"12.6%"
-62,63,"7.8%"
-62,64,"13.2%"
-62,66,"20.0%"
-62,72,"3.4%"
-62,77,"1.4%"
-62,83,"11.6%"
-61,39,"19.2%"
-61,44,"33.8%"
-61,47,"35.6%"
-61,51,"25.4%"
-61,52,"20.8%"
-61,55,"12.1%"
-61,56,"34.8%"
-61,58,"26.6%"
-61,60,"8.2%"
-61,61,"13.2%"
-61,62,"19.2%"
-61,63,"17.6%"
-61,66,"10.5%"
-61,74,"32.0%"
-60,42,"46.6%"
-60,50,"16.6%"
-60,52,"33.2%"
-60,54,"9.8%"
-60,55,"28.8%"
-60,56,"26.0%"
-60,57,"21.2%"
-60,58,"26.6%"
-60,59,"56.8%"
-60,60,"47.2%"
-60,62,"19.0%"
-60,64,"4.0%"
-60,66,"23.4%"
-60,68,"17.4%"
-60,69,"6.2%"
-60,70,"35.6%"
-60,73,"23.2%"
-59,33,"21.2%"
-59,37,"16.2%"
-59,47,"20.1%"
-59,51,"67.0%"
-59,52,"16.8%"
-59,53,"7.6%"
-59,55,"16.6%"
-59,56,"30.4%"
-59,57,"19.6%"
-59,59,"31.7%"
-59,62,"13.9%"
-59,63,"22.6%"
-59,65,"26.2%"
-59,67,"50.6%"
-59,74,"10.3%"
-59,75,"26.0%"
-59,81,"3.2%"
-58,39,"10.0%"
-58,41,"8.2%"
-58,50,"16.6%"
-58,52,"27.1%"
-58,55,"29.8%"
-58,57,"24.6%"
-58,58,"17.9%"
-58,62,"18.2%"
-58,63,"25.2%"
-58,66,"13.0%"
-58,67,"9.2%"
-58,69,"30.0%"
-58,79,"23.0%"
-57,30,"21.8%"
-57,40,"20.2%"
-57,44,"31.2%"
-57,48,"7.0%"
-57,49,"16.2%"
-57,51,"24.2%"
-57,53,"24.4%"
-57,55,"19.5%"
-57,57,"25.0%"
-57,58,"15.2%"
-57,59,"1.4%"
-57,61,"0.8%"
-57,63,"19.6%"
-57,64,"10.2%"
-57,68,"5.6%"
-57,69,"21.4%"
-57,72,"24.0%"
-57,75,"21.7%"
-57,76,"20.6%"
-57,77,"16.6%"
-57,79,"9.0%"
-56,46,"18.0%"
-56,47,"17.4%"
-56,51,"55.8%"
-56,57,"18.2%"
-56,58,"22.2%"
-56,60,"22.5%"
-56,63,"30.0%"
-56,64,"5.6%"
-56,66,"9.2%"
-56,69,"65.8%"
-56,70,"14.8%"
-56,72,"25.8%"
-56,75,"36.8%"
-56,81,"9.6%"
-55,44,"27.4%"
-55,45,"62.6%"
-55,48,"22.8%"
-55,49,"14.0%"
-55,50,"14.0%"
-55,52,"22.2%"
-55,54,"19.2%"
-55,56,"14.4%"
-55,57,"16.0%"
-55,59,"8.9%"
-55,62,"6.6%"
-55,65,"11.0%"
-55,66,"3.0%"
-55,67,"10.4%"
-55,70,"4.2%"
-55,71,"18.7%"
-55,72,"26.2%"
-55,76,"24.8%"
-55,79,"9.0%"
-55,80,"39.0%"
-55,82,"12.0%"
-55,84,"6.2%"
-54,41,"22.8%"
-54,42,"68.4%"
-54,47,"18.0%"
-54,49,"18.8%"
-54,50,"20.5%"
-54,53,"20.0%"
-54,58,"36.0%"
-54,62,"1.8%"
-54,63,"21.8%"
-54,64,"27.0%"
-54,65,"20.4%"
-54,67,"23.8%"
-54,68,"20.4%"
-54,69,"5.3%"
-54,71,"10.7%"
-54,72,"24.0%"
-54,74,"18.9%"
-53,34,"9.6%"
-53,35,"8.0%"
-53,37,"1.8%"
-53,44,"20.6%"
-53,50,"32.1%"
-53,52,"9.8%"
-53,54,"24.7%"
-53,55,"15.8%"
-53,56,"4.4%"
-53,57,"22.3%"
-53,58,"23.8%"
-53,59,"14.6%"
-53,60,"11.6%"
-53,61,"13.3%"
-53,62,"19.1%"
-53,63,"6.0%"
-53,64,"10.6%"
-53,65,"29.2%"
-53,66,"16.7%"
-53,67,"49.2%"
-53,68,"4.8%"
-53,70,"2.6%"
-53,71,"6.4%"
-53,73,"14.2%"
-53,74,"12.0%"
-53,94,"21.2%"
-52,35,"18.2%"
-52,39,"10.4%"
-52,47,"12.4%"
-52,49,"25.6%"
-52,50,"32.2%"
-52,52,"4.2%"
-52,53,"16.6%"
-52,58,"11.4%"
-52,60,"16.7%"
-52,63,"17.6%"
-52,65,"1.4%"
-52,66,"25.7%"
-52,67,"12.2%"
-52,68,"6.7%"
-52,69,"10.5%"
-52,71,"15.6%"
-52,73,"5.6%"
-52,75,"23.6%"
-52,78,"17.8%"
-52,81,"2.0%"
-52,89,"12.4%"
-51,27,"9.8%"
-51,41,"21.0%"
-51,42,"25.2%"
-51,43,"6.8%"
-51,46,"28.2%"
-51,48,"5.4%"
-51,53,"3.9%"
-51,55,"24.4%"
-51,56,"46.2%"
-51,57,"20.8%"
-51,59,"8.4%"
-51,60,"11.9%"
-51,61,"5.8%"
-51,62,"3.1%"
-51,63,"12.3%"
-51,65,"1.8%"
-51,66,"9.6%"
-51,68,"11.2%"
-51,69,"6.0%"
-51,70,"15.8%"
-51,71,"14.6%"
-51,72,"13.6%"
-51,77,"15.8%"
-51,79,"5.2%"
-50,32,"68.8%"
-50,38,"17.6%"
-50,45,"15.4%"
-50,47,"43.2%"
-50,52,"4.6%"
-50,53,"28.2%"
-50,54,"14.4%"
-50,55,"25.8%"
-50,58,"17.6%"
-50,59,"41.2%"
-50,60,"13.6%"
-50,61,"15.6%"
-50,62,"18.2%"
-50,64,"27.2%"
-50,65,"15.6%"
-50,67,"21.2%"
-50,68,"8.3%"
-50,71,"1.4%"
-50,72,"14.7%"
-50,74,"6.0%"
-50,75,"37.6%"
-50,76,"19.2%"
-50,77,"8.9%"
-50,80,"14.6%"
-50,83,"13.4%"
-50,84,"12.0%"
-49,41,"27.0%"
-49,48,"13.8%"
-49,49,"12.2%"
-49,52,"9.2%"
-49,53,"15.8%"
-49,55,"18.7%"
-49,56,"12.6%"
-49,57,"18.3%"
-49,58,"20.8%"
-49,59,"36.6%"
-49,60,"10.0%"
-49,61,"12.8%"
-49,63,"15.8%"
-49,64,"16.0%"
-49,66,"14.4%"
-49,67,"18.4%"
-49,68,"14.0%"
-49,70,"15.6%"
-49,71,"13.8%"
-49,74,"36.2%"
-49,76,"8.6%"
-49,77,"11.3%"
-49,78,"12.6%"
-49,80,"6.0%"
-49,81,"16.8%"
-49,90,"29.6%"
-48,33,"11.0%"
-48,42,"9.0%"
-48,48,"34.8%"
-48,49,"15.5%"
-48,50,"18.6%"
-48,51,"18.5%"
-48,52,"17.8%"
-48,53,"3.8%"
-48,55,"12.8%"
-48,57,"16.2%"
-48,59,"10.4%"
-48,60,"8.5%"
-48,61,"37.6%"
-48,62,"7.5%"
-48,63,"2.1%"
-48,64,"18.8%"
-48,65,"6.7%"
-48,67,"11.8%"
-48,69,"4.4%"
-48,70,"24.5%"
-48,72,"10.4%"
-48,73,"8.5%"
-48,74,"15.0%"
-48,76,"20.3%"
-48,77,"16.8%"
-48,80,"14.0%"
-48,81,"12.8%"
-48,83,"4.8%"
-48,84,"42.6%"
-48,86,"25.8%"
-48,95,"29.2%"
-47,36,"18.8%"
-47,42,"22.0%"
-47,46,"9.6%"
-47,49,"5.0%"
-47,52,"42.8%"
-47,54,"12.2%"
-47,56,"10.7%"
-47,57,"24.2%"
-47,59,"6.6%"
-47,60,"18.6%"
-47,61,"15.8%"
-47,62,"8.2%"
-47,64,"2.6%"
-47,65,"7.2%"
-47,66,"3.1%"
-47,67,"2.8%"
-47,68,"7.0%"
-47,69,"2.4%"
-47,71,"10.6%"
-47,73,"18.8%"
-47,74,"9.0%"
-47,77,"12.0%"
-47,78,"13.4%"
-47,79,"8.2%"
-47,80,"5.2%"
-47,82,"11.4%"
-47,86,"10.4%"
-46,47,"1.2%"
-46,48,"1.2%"
-46,49,"6.8%"
-46,51,"20.4%"
-46,53,"14.7%"
-46,54,"18.6%"
-46,55,"14.7%"
-46,56,"27.4%"
-46,57,"14.6%"
-46,58,"6.2%"
-46,59,"17.5%"
-46,61,"15.8%"
-46,62,"18.0%"
-46,63,"11.4%"
-46,64,"6.2%"
-46,65,"11.8%"
-46,66,"3.2%"
-46,67,"9.6%"
-46,68,"7.0%"
-46,69,"8.2%"
-46,70,"16.5%"
-46,71,"8.0%"
-46,72,"10.6%"
-46,73,"19.2%"
-46,74,"4.2%"
-46,75,"19.0%"
-46,76,"12.7%"
-46,77,"19.0%"
-46,78,"10.6%"
-46,79,"6.7%"
-46,80,"21.5%"
-46,81,"10.4%"
-46,83,"6.0%"
-46,86,"20.4%"
-46,87,"11.2%"
-46,89,"11.8%"
-45,27,"27.4%"
-45,40,"18.0%"
-45,43,"53.4%"
-45,46,"4.8%"
-45,49,"6.8%"
-45,50,"10.6%"
-45,53,"2.4%"
-45,54,"26.7%"
-45,55,"13.9%"
-45,58,"23.0%"
-45,59,"13.5%"
-45,60,"11.6%"
-45,62,"9.2%"
-45,64,"51.0%"
-45,65,"12.0%"
-45,66,"20.7%"
-45,67,"6.0%"
-45,68,"20.5%"
-45,69,"20.4%"
-45,70,"7.8%"
-45,71,"11.2%"
-45,72,"15.9%"
-45,73,"13.9%"
-45,74,"13.2%"
-45,75,"11.8%"
-45,76,"4.8%"
-45,77,"6.2%"
-45,81,"11.5%"
-45,86,"6.0%"
-44,41,"34.3%"
-44,42,"9.2%"
-44,44,"44.6%"
-44,45,"7.6%"
-44,48,"6.0%"
-44,54,"71.4%"
-44,56,"2.4%"
-44,58,"9.0%"
-44,59,"15.2%"
-44,60,"14.2%"
-44,61,"16.8%"
-44,62,"6.3%"
-44,63,"1.4%"
-44,65,"15.9%"
-44,67,"6.6%"
-44,68,"10.4%"
-44,69,"6.2%"
-44,70,"35.6%"
-44,71,"5.2%"
-44,72,"11.8%"
-44,74,"6.8%"
-44,75,"13.2%"
-44,77,"18.2%"
-44,78,"21.4%"
-44,79,"18.6%"
-44,80,"13.4%"
-44,81,"17.4%"
-44,82,"17.8%"
-44,83,"11.5%"
-44,84,"6.6%"
-44,85,"6.6%"
-44,88,"52.0%"
-44,91,"42.4%"
-44,96,"19.0%"
-43,40,"8.4%"
-43,46,"4.9%"
-43,47,"20.6%"
-43,50,"24.3%"
-43,53,"48.1%"
-43,54,"17.5%"
-43,56,"2.8%"
-43,57,"21.8%"
-43,58,"9.0%"
-43,59,"25.2%"
-43,60,"4.6%"
-43,62,"7.7%"
-43,63,"12.5%"
-43,64,"16.6%"
-43,65,"12.8%"
-43,66,"20.7%"
-43,67,"15.4%"
-43,68,"10.4%"
-43,69,"8.4%"
-43,71,"8.4%"
-43,72,"1.4%"
-43,73,"9.7%"
-43,74,"21.2%"
-43,75,"24.7%"
-43,76,"6.6%"
-43,78,"11.8%"
-43,79,"10.0%"
-43,80,"13.4%"
-43,81,"13.7%"
-43,82,"11.0%"
-43,83,"43.0%"
-43,85,"6.2%"
-43,86,"4.2%"
-43,89,"25.8%"
-42,37,"51.6%"
-42,39,"38.4%"
-42,42,"11.0%"
-42,43,"3.8%"
-42,45,"10.8%"
-42,53,"3.4%"
-42,55,"30.2%"
-42,56,"14.0%"
-42,57,"28.2%"
-42,58,"15.0%"
-42,59,"13.8%"
-42,60,"17.2%"
-42,61,"8.4%"
-42,63,"17.4%"
-42,65,"65.4%"
-42,67,"5.3%"
-42,68,"10.2%"
-42,69,"7.7%"
-42,71,"10.5%"
-42,72,"15.4%"
-42,73,"10.7%"
-42,75,"8.2%"
-42,77,"4.6%"
-42,78,"16.1%"
-42,79,"9.0%"
-42,81,"2.4%"
-42,82,"17.2%"
-42,83,"17.1%"
-42,86,"9.8%"
-42,87,"17.3%"
-42,98,"22.6%"
-41,34,"7.8%"
-41,51,"21.6%"
-41,52,"11.6%"
-41,54,"11.8%"
-41,55,"7.8%"
-41,57,"6.7%"
-41,58,"7.8%"
-41,59,"9.9%"
-41,60,"12.8%"
-41,61,"3.8%"
-41,62,"1.8%"
-41,63,"35.2%"
-41,64,"9.7%"
-41,66,"11.1%"
-41,67,"11.7%"
-41,68,"7.8%"
-41,69,"10.4%"
-41,70,"8.5%"
-41,71,"4.8%"
-41,72,"8.6%"
-41,74,"9.9%"
-41,75,"8.5%"
-41,76,"9.6%"
-41,77,"6.2%"
-41,78,"19.1%"
-41,79,"19.0%"
-41,81,"12.4%"
-41,82,"24.3%"
-41,83,"9.9%"
-41,84,"15.2%"
-41,85,"26.0%"
-41,86,"7.0%"
-41,89,"15.9%"
-41,90,"44.2%"
-41,92,"34.2%"
-40,32,"22.8%"
-40,41,"46.8%"
-40,45,"18.6%"
-40,47,"3.0%"
-40,48,"27.0%"
-40,51,"10.6%"
-40,52,"3.4%"
-40,58,"10.8%"
-40,59,"22.8%"
-40,60,"6.5%"
-40,61,"3.1%"
-40,62,"10.0%"
-40,63,"10.0%"
-40,64,"10.0%"
-40,65,"11.6%"
-40,66,"4.2%"
-40,68,"8.9%"
-40,69,"11.6%"
-40,70,"7.8%"
-40,71,"12.5%"
-40,72,"7.4%"
-40,73,"14.4%"
-40,74,"23.0%"
-40,75,"15.9%"
-40,76,"12.3%"
-40,77,"16.0%"
-40,78,"9.0%"
-40,79,"5.0%"
-40,80,"11.0%"
-40,81,"13.8%"
-40,82,"15.7%"
-40,83,"29.3%"
-40,84,"20.5%"
-40,85,"23.1%"
-40,86,"24.6%"
-40,87,"15.1%"
-40,89,"15.8%"
-40,90,"21.9%"
-40,91,"6.0%"
-40,94,"14.8%"
-40,97,"22.0%"
-39,43,"8.4%"
-39,46,"9.0%"
-39,48,"6.7%"
-39,50,"11.2%"
-39,53,"16.8%"
-39,54,"28.2%"
-39,55,"29.5%"
-39,56,"9.1%"
-39,57,"27.1%"
-39,60,"36.5%"
-39,61,"24.4%"
-39,63,"16.2%"
-39,64,"17.4%"
-39,66,"13.9%"
-39,67,"12.7%"
-39,68,"3.6%"
-39,70,"10.2%"
-39,71,"19.8%"
-39,73,"15.3%"
-39,74,"15.3%"
-39,75,"17.7%"
-39,76,"15.3%"
-39,78,"5.0%"
-39,79,"8.1%"
-39,81,"15.4%"
-39,82,"32.9%"
-39,83,"41.0%"
-39,84,"40.3%"
-39,85,"6.6%"
-39,86,"22.0%"
-39,87,"19.5%"
-39,88,"16.1%"
-39,92,"18.5%"
-39,96,"30.6%"
-38,52,"14.6%"
-38,53,"14.3%"
-38,54,"3.4%"
-38,58,"6.6%"
-38,59,"6.2%"
-38,61,"11.9%"
-38,62,"19.8%"
-38,63,"9.0%"
-38,64,"19.7%"
-38,65,"10.1%"
-38,66,"7.2%"
-38,68,"7.1%"
-38,69,"8.9%"
-38,70,"4.5%"
-38,71,"10.1%"
-38,72,"8.9%"
-38,73,"13.4%"
-38,74,"2.1%"
-38,76,"8.9%"
-38,77,"3.8%"
-38,78,"17.7%"
-38,79,"17.0%"
-38,80,"13.6%"
-38,81,"18.0%"
-38,82,"21.4%"
-38,83,"23.4%"
-38,84,"10.6%"
-38,85,"21.8%"
-38,86,"15.1%"
-38,87,"9.3%"
-38,88,"29.2%"
-38,92,"7.4%"
-38,93,"15.1%"
-38,98,"32.4%"
-37,40,"69.4%"
-37,45,"16.6%"
-37,51,"14.6%"
-37,54,"35.8%"
-37,55,"7.4%"
-37,57,"10.1%"
-37,59,"16.2%"
-37,60,"12.4%"
-37,62,"8.4%"
-37,63,"15.9%"
-37,65,"2.3%"
-37,67,"9.4%"
-37,68,"4.2%"
-37,71,"24.0%"
-37,72,"8.5%"
-37,73,"13.0%"
-37,74,"3.4%"
-37,75,"7.7%"
-37,76,"9.1%"
-37,77,"11.8%"
-37,78,"11.8%"
-37,79,"11.9%"
-37,80,"13.2%"
-37,81,"9.5%"
-37,82,"10.0%"
-37,83,"7.8%"
-37,84,"34.2%"
-37,85,"22.2%"
-37,86,"11.4%"
-37,87,"20.1%"
-37,88,"13.2%"
-37,89,"20.5%"
-37,91,"4.8%"
-37,93,"16.4%"
-37,95,"18.0%"
-37,96,"33.8%"
-36,31,"25.4%"
-36,41,"32.4%"
-36,45,"6.6%"
-36,46,"23.9%"
-36,47,"11.7%"
-36,48,"7.8%"
-36,49,"27.4%"
-36,51,"20.8%"
-36,52,"17.6%"
-36,56,"11.8%"
-36,57,"1.0%"
-36,59,"2.2%"
-36,60,"4.2%"
-36,61,"20.1%"
-36,62,"2.8%"
-36,63,"14.2%"
-36,64,"2.6%"
-36,65,"2.2%"
-36,66,"5.1%"
-36,67,"16.5%"
-36,68,"12.6%"
-36,69,"11.4%"
-36,70,"12.9%"
-36,71,"9.4%"
-36,72,"5.0%"
-36,73,"8.4%"
-36,74,"16.7%"
-36,75,"10.3%"
-36,77,"22.9%"
-36,78,"16.3%"
-36,79,"3.6%"
-36,80,"14.3%"
-36,81,"6.1%"
-36,82,"11.6%"
-36,83,"16.0%"
-36,84,"6.6%"
-36,85,"11.7%"
-36,86,"15.1%"
-36,87,"2.4%"
-36,88,"15.2%"
-36,89,"11.1%"
-36,93,"11.0%"
-36,97,"22.0%"
-36,101,"21.2%"
-35,38,"15.1%"
-35,42,"22.6%"
-35,43,"23.6%"
-35,44,"22.6%"
-35,47,"24.0%"
-35,50,"19.5%"
-35,53,"11.4%"
-35,54,"10.7%"
-35,59,"14.8%"
-35,60,"13.8%"
-35,61,"4.4%"
-35,62,"16.6%"
-35,63,"8.3%"
-35,64,"7.3%"
-35,65,"11.1%"
-35,66,"8.0%"
-35,67,"3.6%"
-35,68,"4.8%"
-35,69,"1.4%"
-35,71,"5.1%"
-35,72,"21.8%"
-35,74,"11.5%"
-35,75,"13.5%"
-35,76,"3.7%"
-35,77,"12.0%"
-35,78,"5.0%"
-35,79,"4.4%"
-35,80,"19.8%"
-35,81,"10.7%"
-35,82,"18.0%"
-35,83,"5.2%"
-35,85,"21.7%"
-35,87,"16.5%"
-35,88,"13.2%"
-35,89,"27.1%"
-35,90,"17.8%"
-35,91,"20.0%"
-35,92,"33.4%"
-35,93,"37.4%"
-35,94,"74.4%"
-35,95,"29.5%"
-35,101,"27.6%"
-35,103,"36.6%"
-34,29,"19.8%"
-34,40,"28.6%"
-34,43,"18.2%"
-34,46,"18.1%"
-34,47,"18.4%"
-34,51,"5.0%"
-34,53,"6.5%"
-34,55,"7.4%"
-34,58,"16.6%"
-34,59,"3.7%"
-34,60,"11.4%"
-34,61,"2.4%"
-34,62,"5.3%"
-34,64,"10.4%"
-34,65,"7.4%"
-34,66,"5.7%"
-34,67,"12.0%"
-34,68,"6.6%"
-34,69,"10.0%"
-34,70,"9.0%"
-34,71,"11.0%"
-34,72,"2.8%"
-34,73,"22.4%"
-34,74,"3.2%"
-34,75,"3.7%"
-34,76,"7.7%"
-34,77,"4.5%"
-34,78,"16.1%"
-34,79,"17.8%"
-34,80,"13.7%"
-34,81,"3.8%"
-34,82,"7.4%"
-34,83,"6.9%"
-34,84,"10.1%"
-34,85,"4.5%"
-34,86,"32.2%"
-34,87,"11.3%"
-34,88,"8.2%"
-34,90,"13.4%"
-34,91,"28.4%"
-34,92,"9.6%"
-34,93,"28.4%"
-34,94,"30.4%"
-34,95,"20.3%"
-34,99,"22.4%"
-33,39,"26.6%"
-33,42,"8.7%"
-33,45,"18.8%"
-33,55,"11.4%"
-33,56,"8.8%"
-33,59,"17.8%"
-33,60,"18.2%"
-33,61,"1.4%"
-33,62,"5.0%"
-33,63,"6.6%"
-33,64,"3.2%"
-33,65,"14.8%"
-33,66,"12.4%"
-33,67,"5.7%"
-33,68,"9.0%"
-33,69,"7.8%"
-33,70,"8.0%"
-33,71,"8.2%"
-33,72,"5.0%"
-33,73,"8.2%"
-33,74,"4.9%"
-33,75,"8.2%"
-33,76,"13.8%"
-33,77,"22.2%"
-33,78,"11.3%"
-33,79,"11.1%"
-33,81,"10.2%"
-33,82,"4.9%"
-33,83,"7.1%"
-33,84,"8.3%"
-33,85,"18.0%"
-33,86,"12.5%"
-33,87,"10.7%"
-33,88,"4.7%"
-33,90,"14.0%"
-33,91,"12.0%"
-33,92,"28.4%"
-33,94,"35.9%"
-33,95,"28.4%"
-33,96,"27.8%"
-33,97,"31.3%"
-33,99,"27.4%"
-33,104,"18.4%"
-32,38,"17.6%"
-32,40,"24.0%"
-32,42,"31.2%"
-32,49,"10.3%"
-32,53,"16.2%"
-32,54,"19.8%"
-32,56,"4.4%"
-32,59,"2.5%"
-32,60,"2.2%"
-32,62,"8.7%"
-32,64,"6.6%"
-32,65,"10.3%"
-32,66,"3.0%"
-32,67,"11.4%"
-32,68,"5.1%"
-32,69,"7.0%"
-32,70,"9.7%"
-32,71,"4.8%"
-32,72,"6.0%"
-32,73,"5.5%"
-32,75,"7.3%"
-32,76,"3.5%"
-32,77,"6.1%"
-32,78,"5.6%"
-32,79,"8.2%"
-32,80,"2.4%"
-32,81,"12.4%"
-32,82,"16.9%"
-32,83,"7.5%"
-32,84,"16.0%"
-32,85,"5.1%"
-32,86,"22.6%"
-32,87,"13.1%"
-32,88,"18.0%"
-32,89,"12.2%"
-32,90,"10.1%"
-32,91,"10.6%"
-32,92,"18.9%"
-32,93,"7.2%"
-32,94,"24.3%"
-32,95,"72.2%"
-32,96,"36.7%"
-32,97,"16.6%"
-32,98,"27.4%"
-32,99,"34.4%"
-32,100,"36.0%"
-32,103,"31.2%"
-32,104,"8.4%"
-31,46,"6.4%"
-31,47,"3.8%"
-31,51,"5.0%"
-31,53,"23.2%"
-31,54,"4.6%"
-31,56,"8.6%"
-31,57,"3.3%"
-31,59,"7.8%"
-31,60,"11.0%"
-31,61,"10.0%"
-31,62,"3.4%"
-31,63,"10.9%"
-31,64,"9.7%"
-31,65,"2.8%"
-31,66,"8.8%"
-31,67,"4.3%"
-31,68,"5.5%"
-31,69,"15.2%"
-31,70,"7.6%"
-31,71,"6.2%"
-31,72,"5.7%"
-31,73,"9.7%"
-31,74,"12.8%"
-31,75,"4.2%"
-31,76,"7.3%"
-31,77,"5.6%"
-31,78,"10.0%"
-31,79,"5.7%"
-31,80,"0.2%"
-31,81,"7.6%"
-31,82,"6.4%"
-31,83,"5.5%"
-31,84,"12.2%"
-31,85,"12.6%"
-31,86,"5.5%"
-31,87,"21.8%"
-31,88,"16.7%"
-31,89,"13.5%"
-31,90,"12.8%"
-31,91,"22.5%"
-31,92,"19.3%"
-31,93,"17.4%"
-31,94,"17.6%"
-31,95,"12.0%"
-31,96,"32.2%"
-31,97,"18.0%"
-31,98,"44.2%"
-31,102,"20.4%"
-30,35,"15.6%"
-30,38,"17.4%"
-30,39,"20.4%"
-30,51,"13.8%"
-30,54,"24.0%"
-30,57,"17.2%"
-30,58,"8.5%"
-30,59,"3.2%"
-30,60,"6.0%"
-30,62,"11.7%"
-30,63,"12.0%"
-30,65,"3.4%"
-30,66,"8.8%"
-30,67,"5.1%"
-30,68,"9.3%"
-30,69,"9.4%"
-30,70,"14.0%"
-30,72,"10.6%"
-30,73,"2.8%"
-30,74,"5.8%"
-30,75,"7.3%"
-30,76,"24.8%"
-30,77,"4.8%"
-30,78,"6.4%"
-30,79,"7.6%"
-30,80,"1.5%"
-30,81,"4.8%"
-30,82,"9.2%"
-30,83,"13.0%"
-30,84,"15.5%"
-30,85,"10.7%"
-30,86,"21.3%"
-30,87,"13.3%"
-30,88,"13.0%"
-30,89,"13.2%"
-30,90,"13.1%"
-30,91,"29.8%"
-30,92,"19.2%"
-30,93,"14.0%"
-30,94,"44.2%"
-30,95,"20.8%"
-30,96,"20.0%"
-30,97,"42.6%"
-30,100,"22.6%"
-30,101,"29.8%"
-30,105,"25.8%"
-30,108,"22.6%"
-30,109,"18.4%"
-29,44,"22.6%"
-29,49,"19.2%"
-29,54,"11.6%"
-29,56,"12.2%"
-29,57,"26.2%"
-29,58,"8.6%"
-29,59,"8.5%"
-29,60,"6.8%"
-29,61,"17.5%"
-29,62,"14.6%"
-29,63,"4.0%"
-29,64,"1.6%"
-29,65,"3.8%"
-29,66,"5.5%"
-29,68,"6.3%"
-29,69,"9.5%"
-29,70,"8.4%"
-29,71,"1.6%"
-29,72,"9.8%"
-29,74,"10.3%"
-29,75,"1.4%"
-29,76,"12.6%"
-29,77,"6.5%"
-29,78,"13.8%"
-29,79,"4.5%"
-29,81,"6.3%"
-29,82,"11.9%"
-29,83,"6.1%"
-29,84,"1.5%"
-29,85,"11.8%"
-29,86,"9.1%"
-29,87,"11.8%"
-29,88,"6.7%"
-29,89,"13.1%"
-29,90,"10.6%"
-29,91,"25.8%"
-29,92,"17.9%"
-29,93,"32.8%"
-29,94,"16.0%"
-29,95,"36.7%"
-29,96,"20.0%"
-29,97,"16.4%"
-29,99,"32.1%"
-29,102,"27.4%"
-29,103,"19.2%"
-28,34,"21.0%"
-28,43,"11.6%"
-28,46,"16.0%"
-28,49,"14.2%"
-28,52,"14.8%"
-28,55,"24.8%"
-28,56,"6.0%"
-28,60,"8.8%"
-28,61,"3.0%"
-28,62,"3.4%"
-28,63,"5.9%"
-28,64,"9.5%"
-28,65,"14.2%"
-28,66,"6.2%"
-28,67,"4.6%"
-28,68,"10.6%"
-28,69,"8.0%"
-28,70,"13.9%"
-28,71,"8.8%"
-28,72,"6.1%"
-28,73,"6.1%"
-28,75,"6.0%"
-28,76,"9.0%"
-28,77,"4.1%"
-28,78,"2.6%"
-28,79,"16.4%"
-28,80,"4.8%"
-28,81,"8.2%"
-28,82,"7.8%"
-28,83,"12.3%"
-28,84,"14.5%"
-28,85,"6.4%"
-28,86,"14.4%"
-28,87,"10.0%"
-28,88,"11.4%"
-28,89,"11.2%"
-28,90,"7.6%"
-28,91,"20.7%"
-28,92,"8.4%"
-28,93,"17.3%"
-28,94,"25.2%"
-28,95,"25.9%"
-28,96,"21.7%"
-28,97,"20.6%"
-28,98,"33.3%"
-28,99,"39.2%"
-28,100,"33.5%"
-28,101,"32.9%"
-28,102,"60.0%"
-28,103,"30.8%"
-28,104,"17.4%"
-28,105,"34.0%"
-28,106,"26.0%"
-27,35,"30.8%"
-27,38,"16.2%"
-27,46,"9.6%"
-27,48,"9.0%"
-27,53,"13.4%"
-27,54,"3.6%"
-27,57,"2.2%"
-27,58,"5.0%"
-27,59,"5.6%"
-27,61,"5.5%"
-27,62,"9.3%"
-27,63,"4.2%"
-27,64,"3.2%"
-27,65,"1.7%"
-27,67,"5.9%"
-27,68,"3.8%"
-27,69,"7.2%"
-27,70,"4.4%"
-27,71,"20.5%"
-27,72,"9.5%"
-27,73,"8.6%"
-27,74,"11.7%"
-27,75,"6.0%"
-27,76,"9.0%"
-27,77,"10.6%"
-27,78,"10.7%"
-27,79,"6.4%"
-27,80,"22.7%"
-27,81,"9.6%"
-27,82,"8.2%"
-27,83,"4.7%"
-27,84,"13.0%"
-27,85,"16.7%"
-27,86,"11.9%"
-27,87,"4.4%"
-27,88,"9.9%"
-27,89,"14.7%"
-27,90,"5.0%"
-27,91,"11.4%"
-27,92,"18.2%"
-27,93,"17.4%"
-27,94,"20.4%"
-27,95,"13.0%"
-27,96,"21.7%"
-27,98,"19.9%"
-27,99,"24.3%"
-27,100,"24.4%"
-27,101,"10.2%"
-27,102,"6.0%"
-27,103,"28.4%"
-27,104,"25.4%"
-26,35,"12.0%"
-26,43,"5.0%"
-26,44,"27.2%"
-26,50,"7.8%"
-26,53,"11.8%"
-26,55,"12.0%"
-26,57,"15.6%"
-26,58,"9.6%"
-26,59,"11.0%"
-26,61,"1.8%"
-26,65,"1.8%"
-26,66,"3.5%"
-26,67,"12.5%"
-26,68,"11.0%"
-26,69,"4.7%"
-26,70,"10.5%"
-26,71,"4.1%"
-26,72,"5.0%"
-26,73,"4.7%"
-26,74,"10.1%"
-26,75,"7.1%"
-26,76,"12.6%"
-26,77,"6.5%"
-26,78,"6.0%"
-26,79,"8.1%"
-26,80,"11.2%"
-26,81,"11.6%"
-26,82,"8.5%"
-26,83,"6.1%"
-26,84,"10.8%"
-26,85,"7.7%"
-26,86,"26.4%"
-26,87,"12.9%"
-26,88,"17.6%"
-26,89,"21.4%"
-26,90,"26.5%"
-26,91,"18.4%"
-26,92,"23.0%"
-26,93,"12.2%"
-26,94,"28.5%"
-26,95,"29.4%"
-26,96,"35.9%"
-26,97,"33.1%"
-26,98,"50.0%"
-26,99,"35.4%"
-26,100,"15.6%"
-26,101,"9.5%"
-26,102,"16.0%"
-26,105,"39.2%"
-25,39,"20.0%"
-25,41,"13.4%"
-25,43,"14.2%"
-25,48,"19.2%"
-25,50,"14.4%"
-25,51,"17.7%"
-25,52,"5.7%"
-25,53,"17.2%"
-25,54,"9.0%"
-25,56,"5.1%"
-25,57,"2.6%"
-25,58,"16.4%"
-25,59,"16.0%"
-25,60,"2.0%"
-25,62,"41.1%"
-25,63,"3.4%"
-25,64,"12.4%"
-25,65,"5.7%"
-25,66,"20.2%"
-25,67,"19.1%"
-25,68,"14.9%"
-25,69,"5.7%"
-25,70,"9.7%"
-25,71,"11.1%"
-25,72,"15.4%"
-25,73,"2.4%"
-25,74,"4.0%"
-25,75,"7.7%"
-25,76,"17.7%"
-25,77,"2.8%"
-25,78,"12.5%"
-25,79,"25.9%"
-25,80,"19.3%"
-25,81,"9.0%"
-25,82,"5.6%"
-25,83,"9.5%"
-25,84,"14.2%"
-25,85,"10.1%"
-25,86,"12.6%"
-25,87,"15.9%"
-25,88,"12.4%"
-25,89,"8.1%"
-25,90,"18.5%"
-25,91,"7.1%"
-25,92,"20.8%"
-25,93,"13.1%"
-25,94,"20.4%"
-25,95,"22.0%"
-25,96,"24.2%"
-25,97,"25.8%"
-25,98,"19.3%"
-25,99,"24.7%"
-25,100,"26.5%"
-25,101,"23.9%"
-25,102,"21.9%"
-25,104,"18.4%"
-25,116,"8.2%"
-24,47,"10.8%"
-24,50,"7.8%"
-24,52,"6.6%"
-24,53,"13.6%"
-24,54,"9.8%"
-24,58,"5.4%"
-24,59,"20.6%"
-24,60,"22.1%"
-24,61,"7.2%"
-24,62,"7.9%"
-24,63,"3.2%"
-24,64,"7.1%"
-24,65,"16.0%"
-24,66,"6.3%"
-24,67,"12.4%"
-24,68,"10.4%"
-24,69,"7.6%"
-24,70,"7.6%"
-24,71,"5.6%"
-24,72,"10.0%"
-24,73,"20.0%"
-24,74,"7.0%"
-24,75,"5.3%"
-24,76,"9.1%"
-24,77,"5.4%"
-24,78,"6.8%"
-24,79,"7.6%"
-24,80,"8.1%"
-24,81,"16.3%"
-24,82,"9.8%"
-24,83,"9.2%"
-24,84,"11.5%"
-24,85,"6.3%"
-24,86,"11.9%"
-24,87,"16.4%"
-24,88,"11.2%"
-24,89,"8.5%"
-24,90,"18.6%"
-24,91,"14.5%"
-24,92,"29.2%"
-24,93,"15.4%"
-24,94,"21.7%"
-24,95,"26.0%"
-24,96,"22.1%"
-24,97,"30.0%"
-24,98,"7.8%"
-24,99,"23.3%"
-24,100,"24.5%"
-24,101,"31.1%"
-24,102,"15.2%"
-24,103,"12.3%"
-24,104,"32.8%"
-24,106,"44.2%"
-24,107,"35.2%"
-23,42,"5.4%"
-23,46,"7.0%"
-23,53,"29.6%"
-23,54,"6.6%"
-23,55,"8.9%"
-23,56,"8.4%"
-23,59,"12.8%"
-23,62,"10.1%"
-23,63,"4.6%"
-23,64,"4.3%"
-23,65,"13.2%"
-23,66,"5.1%"
-23,67,"14.4%"
-23,68,"9.9%"
-23,69,"10.4%"
-23,70,"6.1%"
-23,71,"7.1%"
-23,72,"9.7%"
-23,73,"8.9%"
-23,74,"14.8%"
-23,75,"13.1%"
-23,76,"6.4%"
-23,77,"4.9%"
-23,78,"7.9%"
-23,79,"11.9%"
-23,80,"5.9%"
-23,81,"12.0%"
-23,82,"15.0%"
-23,83,"9.2%"
-23,84,"5.2%"
-23,85,"9.4%"
-23,86,"11.8%"
-23,87,"9.4%"
-23,88,"6.3%"
-23,89,"10.2%"
-23,90,"13.7%"
-23,91,"10.1%"
-23,92,"6.7%"
-23,93,"11.4%"
-23,94,"14.3%"
-23,95,"15.4%"
-23,96,"21.8%"
-23,97,"26.5%"
-23,98,"25.5%"
-23,99,"23.2%"
-23,100,"35.4%"
-23,101,"21.6%"
-23,102,"19.2%"
-23,103,"13.8%"
-23,104,"38.4%"
-23,105,"38.7%"
-23,107,"15.1%"
-22,35,"21.4%"
-22,36,"43.0%"
-22,44,"16.6%"
-22,46,"6.8%"
-22,48,"12.4%"
-22,51,"8.4%"
-22,52,"24.5%"
-22,57,"13.6%"
-22,59,"2.6%"
-22,60,"10.2%"
-22,61,"1.6%"
-22,62,"12.8%"
-22,63,"12.0%"
-22,64,"9.3%"
-22,65,"6.4%"
-22,66,"12.4%"
-22,67,"8.4%"
-22,68,"9.8%"
-22,69,"17.9%"
-22,70,"11.4%"
-22,71,"14.4%"
-22,72,"11.4%"
-22,73,"5.4%"
-22,74,"6.9%"
-22,75,"11.0%"
-22,76,"6.2%"
-22,77,"5.9%"
-22,78,"8.1%"
-22,79,"18.1%"
-22,80,"13.4%"
-22,81,"7.1%"
-22,82,"18.7%"
-22,83,"7.9%"
-22,84,"8.8%"
-22,85,"8.5%"
-22,86,"12.4%"
-22,87,"15.8%"
-22,88,"13.1%"
-22,89,"10.5%"
-22,90,"16.1%"
-22,91,"16.9%"
-22,92,"14.8%"
-22,93,"22.0%"
-22,94,"18.4%"
-22,95,"14.1%"
-22,96,"24.7%"
-22,97,"19.4%"
-22,98,"18.3%"
-22,99,"16.4%"
-22,100,"16.4%"
-22,101,"11.0%"
-22,102,"17.8%"
-22,103,"24.7%"
-22,105,"42.0%"
-22,106,"35.8%"
-21,38,"23.2%"
-21,40,"30.8%"
-21,46,"7.2%"
-21,48,"7.6%"
-21,50,"3.2%"
-21,52,"3.8%"
-21,55,"19.0%"
-21,58,"6.4%"
-21,59,"13.2%"
-21,61,"9.6%"
-21,62,"13.3%"
-21,63,"5.2%"
-21,64,"4.3%"
-21,65,"8.0%"
-21,66,"13.5%"
-21,67,"10.9%"
-21,68,"10.1%"
-21,69,"27.1%"
-21,70,"6.4%"
-21,71,"9.3%"
-21,72,"5.1%"
-21,73,"5.4%"
-21,74,"10.1%"
-21,75,"7.1%"
-21,76,"6.2%"
-21,77,"3.0%"
-21,78,"7.2%"
-21,79,"3.8%"
-21,80,"10.4%"
-21,81,"8.0%"
-21,82,"7.4%"
-21,83,"9.5%"
-21,84,"14.9%"
-21,85,"15.9%"
-21,86,"12.5%"
-21,87,"10.8%"
-21,88,"9.2%"
-21,89,"10.1%"
-21,90,"15.4%"
-21,91,"11.1%"
-21,92,"10.5%"
-21,93,"19.0%"
-21,94,"23.3%"
-21,95,"22.2%"
-21,96,"22.4%"
-21,97,"19.8%"
-21,98,"24.5%"
-21,99,"22.0%"
-21,100,"31.8%"
-21,101,"35.2%"
-21,102,"29.2%"
-21,103,"19.2%"
-21,105,"38.5%"
-21,107,"16.4%"
-21,108,"22.8%"
-21,110,"19.0%"
-20,31,"49.6%"
-20,41,"25.4%"
-20,44,"34.8%"
-20,49,"3.0%"
-20,50,"11.6%"
-20,51,"22.0%"
-20,55,"3.0%"
-20,56,"8.4%"
-20,60,"3.2%"
-20,61,"16.6%"
-20,62,"4.9%"
-20,63,"9.9%"
-20,64,"4.8%"
-20,65,"1.6%"
-20,66,"7.0%"
-20,67,"10.8%"
-20,68,"11.2%"
-20,69,"18.1%"
-20,70,"13.0%"
-20,71,"13.7%"
-20,72,"7.6%"
-20,73,"10.7%"
-20,74,"7.8%"
-20,75,"9.3%"
-20,76,"6.1%"
-20,77,"12.3%"
-20,78,"8.4%"
-20,79,"14.3%"
-20,80,"12.3%"
-20,81,"11.8%"
-20,82,"6.3%"
-20,83,"18.5%"
-20,84,"18.2%"
-20,85,"13.6%"
-20,86,"12.0%"
-20,87,"5.8%"
-20,88,"14.5%"
-20,89,"19.3%"
-20,90,"17.8%"
-20,91,"12.7%"
-20,92,"16.9%"
-20,93,"24.5%"
-20,94,"26.8%"
-20,95,"22.0%"
-20,96,"31.1%"
-20,97,"30.8%"
-20,98,"27.1%"
-20,99,"30.2%"
-20,100,"25.2%"
-20,101,"20.9%"
-20,102,"14.8%"
-20,103,"14.2%"
-20,104,"24.4%"
-20,105,"39.4%"
-20,107,"37.8%"
-20,108,"26.0%"
-19,34,"24.2%"
-19,48,"3.2%"
-19,49,"8.8%"
-19,54,"9.5%"
-19,55,"11.2%"
-19,56,"12.9%"
-19,57,"10.6%"
-19,58,"5.2%"
-19,60,"8.8%"
-19,62,"7.1%"
-19,63,"11.8%"
-19,64,"8.2%"
-19,65,"8.7%"
-19,66,"8.0%"
-19,67,"5.8%"
-19,69,"12.2%"
-19,70,"6.6%"
-19,71,"16.1%"
-19,72,"6.5%"
-19,73,"9.1%"
-19,74,"4.4%"
-19,75,"10.8%"
-19,76,"8.5%"
-19,77,"6.2%"
-19,78,"6.0%"
-19,79,"16.1%"
-19,80,"4.6%"
-19,81,"20.4%"
-19,82,"10.4%"
-19,83,"12.0%"
-19,84,"15.0%"
-19,85,"11.4%"
-19,86,"19.1%"
-19,87,"21.2%"
-19,88,"14.4%"
-19,89,"14.1%"
-19,90,"16.9%"
-19,91,"30.6%"
-19,92,"16.0%"
-19,93,"19.4%"
-19,94,"19.3%"
-19,95,"34.5%"
-19,96,"28.9%"
-19,97,"23.9%"
-19,98,"30.9%"
-19,99,"18.4%"
-19,100,"22.2%"
-19,101,"19.7%"
-19,102,"46.8%"
-19,103,"17.5%"
-19,104,"28.9%"
-19,105,"31.2%"
-19,106,"37.0%"
-19,107,"18.5%"
-19,110,"26.2%"
-19,111,"14.4%"
-18,49,"13.4%"
-18,51,"9.4%"
-18,52,"12.8%"
-18,56,"7.3%"
-18,57,"9.5%"
-18,58,"19.2%"
-18,59,"9.6%"
-18,60,"13.2%"
-18,62,"0.6%"
-18,63,"7.4%"
-18,64,"9.6%"
-18,65,"1.4%"
-18,66,"11.7%"
-18,67,"8.7%"
-18,68,"12.3%"
-18,69,"19.5%"
-18,70,"8.7%"
-18,71,"9.1%"
-18,72,"12.7%"
-18,73,"11.2%"
-18,74,"6.4%"
-18,75,"17.6%"
-18,76,"33.9%"
-18,77,"7.7%"
-18,78,"10.2%"
-18,79,"18.9%"
-18,80,"17.0%"
-18,81,"12.8%"
-18,82,"17.1%"
-18,83,"8.6%"
-18,84,"17.3%"
-18,85,"10.8%"
-18,86,"13.4%"
-18,87,"15.3%"
-18,88,"17.6%"
-18,89,"17.3%"
-18,90,"20.2%"
-18,91,"12.3%"
-18,92,"14.0%"
-18,93,"27.7%"
-18,94,"22.1%"
-18,95,"24.0%"
-18,96,"34.0%"
-18,97,"19.6%"
-18,98,"24.8%"
-18,99,"19.5%"
-18,100,"19.7%"
-18,101,"8.2%"
-18,102,"39.3%"
-18,103,"25.4%"
-18,104,"29.3%"
-18,105,"23.4%"
-18,106,"32.0%"
-18,108,"16.9%"
-18,110,"25.8%"
-18,113,"31.2%"
-17,35,"22.8%"
-17,47,"11.0%"
-17,49,"29.8%"
-17,50,"3.6%"
-17,53,"25.2%"
-17,54,"10.3%"
-17,56,"4.6%"
-17,57,"27.8%"
-17,59,"7.8%"
-17,61,"14.8%"
-17,62,"12.7%"
-17,64,"12.9%"
-17,65,"7.4%"
-17,66,"5.7%"
-17,67,"7.8%"
-17,68,"8.8%"
-17,69,"16.5%"
-17,70,"7.9%"
-17,71,"8.0%"
-17,72,"6.0%"
-17,73,"9.1%"
-17,74,"3.5%"
-17,75,"10.9%"
-17,76,"9.0%"
-17,77,"7.8%"
-17,78,"7.6%"
-17,79,"10.5%"
-17,80,"13.6%"
-17,81,"11.6%"
-17,82,"12.3%"
-17,83,"12.3%"
-17,84,"11.7%"
-17,85,"6.2%"
-17,86,"15.4%"
-17,87,"13.6%"
-17,88,"22.9%"
-17,89,"18.7%"
-17,90,"12.2%"
-17,91,"16.5%"
-17,92,"21.9%"
-17,93,"17.8%"
-17,94,"17.4%"
-17,95,"23.5%"
-17,96,"21.5%"
-17,97,"31.7%"
-17,98,"16.8%"
-17,99,"20.5%"
-17,100,"27.1%"
-17,101,"40.7%"
-17,102,"16.6%"
-17,103,"19.3%"
-17,104,"19.4%"
-17,105,"34.0%"
-17,106,"27.4%"
-17,107,"44.9%"
-17,108,"20.2%"
-17,109,"19.2%"
-17,110,"5.0%"
-17,111,"30.8%"
-17,114,"53.0%"
-16,37,"17.4%"
-16,41,"5.8%"
-16,43,"2.0%"
-16,47,"4.0%"
-16,51,"5.0%"
-16,54,"14.4%"
-16,55,"9.1%"
-16,57,"23.5%"
-16,58,"5.8%"
-16,59,"5.0%"
-16,60,"3.9%"
-16,61,"7.6%"
-16,62,"12.9%"
-16,63,"8.2%"
-16,64,"11.6%"
-16,65,"6.7%"
-16,66,"7.2%"
-16,67,"8.2%"
-16,68,"12.2%"
-16,69,"6.5%"
-16,70,"8.2%"
-16,71,"12.2%"
-16,72,"3.6%"
-16,73,"3.2%"
-16,74,"14.4%"
-16,75,"3.3%"
-16,76,"13.0%"
-16,77,"4.1%"
-16,78,"10.9%"
-16,79,"14.1%"
-16,80,"13.4%"
-16,81,"14.2%"
-16,82,"15.2%"
-16,83,"13.4%"
-16,84,"10.6%"
-16,85,"12.2%"
-16,86,"12.5%"
-16,87,"21.3%"
-16,88,"18.1%"
-16,89,"9.8%"
-16,90,"10.8%"
-16,91,"16.5%"
-16,92,"13.1%"
-16,93,"21.8%"
-16,94,"26.4%"
-16,95,"23.6%"
-16,96,"24.9%"
-16,97,"20.7%"
-16,98,"24.3%"
-16,99,"25.8%"
-16,100,"36.3%"
-16,101,"34.9%"
-16,102,"44.9%"
-16,103,"15.3%"
-16,104,"17.2%"
-16,105,"76.8%"
-16,106,"38.2%"
-16,107,"35.4%"
-16,108,"29.6%"
-16,111,"62.7%"
-16,113,"22.2%"
-15,32,"12.0%"
-15,44,"14.6%"
-15,45,"2.6%"
-15,49,"6.0%"
-15,53,"11.8%"
-15,55,"1.8%"
-15,56,"5.0%"
-15,59,"30.4%"
-15,61,"11.6%"
-15,63,"19.0%"
-15,65,"9.1%"
-15,66,"8.1%"
-15,67,"3.3%"
-15,68,"8.6%"
-15,69,"13.2%"
-15,70,"9.7%"
-15,71,"9.0%"
-15,72,"10.6%"
-15,73,"5.6%"
-15,74,"9.4%"
-15,75,"10.2%"
-15,76,"18.1%"
-15,77,"5.4%"
-15,78,"13.4%"
-15,79,"23.9%"
-15,80,"13.1%"
-15,81,"14.4%"
-15,82,"15.1%"
-15,83,"10.9%"
-15,84,"16.7%"
-15,85,"11.3%"
-15,86,"17.2%"
-15,87,"13.2%"
-15,88,"23.3%"
-15,89,"20.4%"
-15,90,"12.8%"
-15,91,"18.9%"
-15,92,"17.3%"
-15,93,"23.1%"
-15,94,"18.2%"
-15,95,"25.4%"
-15,96,"25.6%"
-15,97,"25.0%"
-15,98,"18.2%"
-15,99,"28.6%"
-15,100,"22.3%"
-15,101,"23.7%"
-15,102,"26.0%"
-15,103,"20.6%"
-15,104,"24.5%"
-15,105,"31.2%"
-15,106,"37.1%"
-15,108,"29.7%"
-15,110,"54.8%"
-15,111,"11.6%"
-15,112,"31.2%"
-15,116,"23.4%"
-14,44,"3.2%"
-14,50,"8.0%"
-14,52,"33.0%"
-14,53,"9.2%"
-14,55,"8.2%"
-14,56,"29.8%"
-14,58,"5.0%"
-14,59,"14.8%"
-14,60,"24.2%"
-14,62,"13.9%"
-14,63,"9.6%"
-14,64,"5.8%"
-14,65,"9.6%"
-14,66,"7.3%"
-14,67,"6.8%"
-14,68,"17.8%"
-14,69,"18.5%"
-14,70,"9.7%"
-14,71,"22.0%"
-14,72,"6.0%"
-14,73,"8.7%"
-14,74,"10.1%"
-14,75,"13.6%"
-14,76,"9.0%"
-14,77,"10.0%"
-14,78,"17.3%"
-14,79,"12.9%"
-14,80,"7.5%"
-14,81,"12.8%"
-14,82,"14.6%"
-14,83,"10.4%"
-14,84,"13.4%"
-14,85,"18.8%"
-14,86,"21.3%"
-14,87,"9.1%"
-14,88,"10.4%"
-14,89,"18.6%"
-14,90,"21.3%"
-14,91,"23.6%"
-14,92,"21.6%"
-14,93,"19.0%"
-14,94,"16.4%"
-14,95,"20.1%"
-14,96,"21.5%"
-14,97,"26.2%"
-14,98,"19.8%"
-14,99,"23.2%"
-14,100,"29.0%"
-14,101,"29.6%"
-14,102,"30.4%"
-14,103,"26.0%"
-14,104,"32.4%"
-14,105,"33.1%"
-14,106,"33.7%"
-14,107,"25.6%"
-14,108,"47.0%"
-14,109,"19.5%"
-14,110,"32.6%"
-14,111,"25.6%"
-14,112,"11.0%"
-13,42,"24.0%"
-13,46,"13.4%"
-13,52,"6.2%"
-13,57,"8.8%"
-13,58,"9.6%"
-13,59,"3.0%"
-13,62,"4.6%"
-13,64,"2.7%"
-13,65,"10.6%"
-13,66,"7.5%"
-13,67,"8.0%"
-13,68,"10.6%"
-13,69,"19.5%"
-13,70,"12.0%"
-13,71,"8.6%"
-13,72,"11.5%"
-13,73,"11.3%"
-13,74,"10.3%"
-13,75,"11.2%"
-13,76,"4.8%"
-13,77,"28.1%"
-13,78,"9.3%"
-13,79,"17.9%"
-13,80,"11.7%"
-13,81,"18.2%"
-13,82,"15.2%"
-13,83,"12.0%"
-13,84,"16.8%"
-13,85,"13.0%"
-13,86,"11.9%"
-13,87,"18.4%"
-13,88,"12.7%"
-13,89,"12.6%"
-13,90,"13.5%"
-13,91,"14.2%"
-13,92,"16.7%"
-13,93,"18.8%"
-13,94,"20.2%"
-13,95,"21.2%"
-13,96,"26.4%"
-13,97,"23.0%"
-13,98,"24.0%"
-13,99,"22.6%"
-13,100,"29.8%"
-13,101,"25.2%"
-13,102,"17.5%"
-13,103,"30.2%"
-13,104,"20.7%"
-13,105,"37.3%"
-13,106,"23.9%"
-13,107,"16.8%"
-13,108,"45.2%"
-13,109,"6.2%"
-13,110,"34.6%"
-13,112,"50.8%"
-13,113,"50.2%"
-13,118,"51.8%"
-12,44,"16.0%"
-12,52,"22.4%"
-12,54,"7.4%"
-12,61,"2.8%"
-12,63,"7.6%"
-12,64,"6.6%"
-12,65,"11.7%"
-12,66,"12.1%"
-12,67,"18.5%"
-12,68,"7.3%"
-12,69,"12.1%"
-12,70,"6.6%"
-12,71,"11.2%"
-12,72,"12.3%"
-12,73,"10.0%"
-12,74,"8.6%"
-12,75,"14.4%"
-12,76,"17.9%"
-12,77,"14.2%"
-12,78,"12.1%"
-12,79,"18.7%"
-12,80,"9.2%"
-12,81,"11.1%"
-12,82,"15.6%"
-12,83,"14.9%"
-12,84,"21.2%"
-12,85,"12.4%"
-12,86,"16.7%"
-12,87,"16.9%"
-12,88,"17.6%"
-12,89,"19.7%"
-12,90,"13.5%"
-12,91,"20.8%"
-12,92,"19.4%"
-12,93,"20.0%"
-12,94,"17.8%"
-12,95,"21.9%"
-12,96,"24.1%"
-12,97,"24.3%"
-12,98,"20.0%"
-12,99,"30.4%"
-12,100,"26.1%"
-12,101,"28.2%"
-12,102,"30.4%"
-12,103,"28.6%"
-12,104,"31.9%"
-12,105,"33.4%"
-12,106,"47.1%"
-12,107,"24.8%"
-12,108,"31.4%"
-12,109,"12.2%"
-12,110,"20.5%"
-12,111,"28.4%"
-12,112,"36.0%"
-11,34,"22.4%"
-11,36,"10.4%"
-11,40,"17.0%"
-11,45,"16.6%"
-11,50,"39.8%"
-11,54,"14.0%"
-11,56,"10.8%"
-11,57,"24.4%"
-11,58,"7.4%"
-11,59,"17.4%"
-11,60,"15.7%"
-11,61,"8.6%"
-11,62,"5.0%"
-11,65,"13.8%"
-11,66,"11.3%"
-11,67,"14.6%"
-11,68,"13.0%"
-11,69,"14.1%"
-11,70,"9.0%"
-11,71,"13.5%"
-11,72,"11.7%"
-11,73,"13.2%"
-11,74,"11.1%"
-11,75,"5.5%"
-11,76,"17.2%"
-11,77,"14.1%"
-11,78,"22.4%"
-11,79,"17.0%"
-11,80,"13.5%"
-11,81,"13.4%"
-11,82,"15.6%"
-11,83,"14.9%"
-11,84,"19.2%"
-11,85,"15.7%"
-11,86,"12.4%"
-11,87,"15.1%"
-11,88,"16.3%"
-11,89,"18.9%"
-11,90,"12.6%"
-11,91,"23.3%"
-11,92,"18.5%"
-11,93,"23.4%"
-11,94,"18.2%"
-11,95,"28.3%"
-11,96,"23.2%"
-11,97,"31.4%"
-11,98,"19.4%"
-11,99,"29.4%"
-11,100,"26.6%"
-11,101,"30.5%"
-11,102,"31.2%"
-11,103,"30.3%"
-11,104,"25.9%"
-11,105,"29.7%"
-11,106,"29.6%"
-11,107,"34.5%"
-11,108,"23.1%"
-11,109,"27.4%"
-11,110,"24.9%"
-11,111,"16.6%"
-11,113,"38.8%"
-10,40,"10.6%"
-10,49,"10.0%"
-10,50,"5.4%"
-10,53,"12.6%"
-10,55,"19.2%"
-10,56,"10.0%"
-10,57,"13.0%"
-10,59,"27.9%"
-10,60,"18.8%"
-10,61,"4.9%"
-10,62,"10.6%"
-10,63,"6.6%"
-10,64,"9.9%"
-10,65,"8.4%"
-10,66,"10.2%"
-10,67,"9.5%"
-10,68,"14.9%"
-10,69,"14.3%"
-10,70,"5.4%"
-10,71,"12.4%"
-10,72,"14.6%"
-10,73,"16.2%"
-10,74,"17.9%"
-10,75,"9.6%"
-10,76,"15.3%"
-10,77,"13.9%"
-10,78,"17.5%"
-10,79,"13.1%"
-10,80,"15.9%"
-10,81,"22.9%"
-10,82,"13.1%"
-10,83,"12.6%"
-10,84,"13.4%"
-10,85,"22.0%"
-10,86,"18.1%"
-10,87,"18.9%"
-10,88,"15.0%"
-10,89,"16.5%"
-10,90,"16.7%"
-10,91,"23.6%"
-10,92,"22.3%"
-10,93,"27.5%"
-10,94,"25.1%"
-10,95,"22.7%"
-10,96,"32.6%"
-10,97,"30.4%"
-10,98,"20.8%"
-10,99,"30.1%"
-10,100,"24.2%"
-10,101,"33.4%"
-10,102,"30.4%"
-10,103,"37.6%"
-10,104,"25.8%"
-10,105,"22.7%"
-10,106,"27.2%"
-10,107,"38.5%"
-10,108,"37.0%"
-10,109,"40.6%"
-10,110,"19.2%"
-10,111,"21.2%"
-10,112,"55.4%"
-10,113,"36.8%"
-9,29,"29.8%"
-9,45,"13.6%"
-9,46,"21.2%"
-9,60,"16.6%"
-9,61,"17.3%"
-9,62,"24.8%"
-9,63,"6.4%"
-9,64,"8.5%"
-9,65,"26.8%"
-9,67,"13.9%"
-9,68,"16.0%"
-9,69,"18.5%"
-9,70,"22.9%"
-9,71,"20.5%"
-9,72,"13.3%"
-9,73,"17.0%"
-9,74,"28.4%"
-9,75,"19.2%"
-9,76,"29.8%"
-9,77,"24.5%"
-9,78,"16.7%"
-9,79,"18.3%"
-9,80,"14.6%"
-9,81,"17.9%"
-9,82,"16.3%"
-9,83,"15.6%"
-9,84,"18.1%"
-9,85,"22.5%"
-9,86,"25.0%"
-9,87,"19.9%"
-9,88,"19.7%"
-9,89,"17.6%"
-9,90,"28.2%"
-9,91,"18.2%"
-9,92,"23.8%"
-9,93,"35.2%"
-9,94,"26.1%"
-9,95,"25.7%"
-9,96,"28.8%"
-9,97,"31.9%"
-9,98,"29.5%"
-9,99,"33.1%"
-9,100,"27.5%"
-9,101,"29.6%"
-9,102,"27.2%"
-9,103,"22.3%"
-9,104,"26.3%"
-9,105,"33.5%"
-9,106,"29.9%"
-9,107,"27.9%"
-9,108,"21.0%"
-9,109,"11.3%"
-9,110,"43.7%"
-9,111,"39.5%"
-9,112,"38.6%"
-9,113,"35.6%"
-9,115,"25.6%"
-9,116,"76.6%"
-8,49,"11.8%"
-8,51,"12.0%"
-8,54,"22.4%"
-8,56,"13.2%"
-8,57,"37.7%"
-8,58,"10.0%"
-8,59,"47.8%"
-8,60,"29.2%"
-8,61,"18.0%"
-8,63,"22.2%"
-8,64,"24.0%"
-8,65,"33.8%"
-8,66,"8.9%"
-8,67,"23.7%"
-8,68,"27.3%"
-8,69,"17.9%"
-8,70,"21.7%"
-8,71,"14.8%"
-8,72,"16.2%"
-8,73,"12.2%"
-8,74,"10.8%"
-8,75,"20.0%"
-8,76,"12.6%"
-8,77,"23.8%"
-8,78,"11.1%"
-8,79,"30.6%"
-8,80,"16.1%"
-8,81,"20.3%"
-8,82,"16.4%"
-8,83,"13.6%"
-8,84,"29.4%"
-8,85,"20.2%"
-8,86,"18.7%"
-8,87,"20.0%"
-8,88,"25.6%"
-8,89,"21.1%"
-8,90,"16.6%"
-8,91,"24.5%"
-8,92,"21.6%"
-8,93,"18.2%"
-8,94,"23.4%"
-8,95,"32.5%"
-8,96,"26.5%"
-8,97,"34.2%"
-8,98,"30.3%"
-8,99,"32.6%"
-8,100,"33.3%"
-8,101,"33.0%"
-8,102,"34.4%"
-8,103,"29.4%"
-8,104,"33.4%"
-8,105,"43.7%"
-8,106,"33.6%"
-8,107,"34.1%"
-8,108,"40.7%"
-8,109,"40.5%"
-8,110,"32.8%"
-8,111,"28.1%"
-8,113,"46.4%"
-7,38,"19.8%"
-7,48,"14.1%"
-7,49,"8.0%"
-7,50,"26.0%"
-7,57,"17.8%"
-7,58,"14.6%"
-7,60,"9.4%"
-7,61,"14.2%"
-7,62,"30.2%"
-7,63,"24.0%"
-7,65,"7.2%"
-7,66,"13.8%"
-7,67,"33.3%"
-7,68,"20.7%"
-7,69,"38.7%"
-7,70,"16.9%"
-7,71,"8.3%"
-7,72,"8.0%"
-7,73,"11.6%"
-7,74,"13.0%"
-7,75,"8.9%"
-7,76,"23.2%"
-7,77,"16.4%"
-7,78,"14.7%"
-7,79,"17.1%"
-7,80,"22.2%"
-7,81,"13.7%"
-7,82,"22.2%"
-7,83,"21.0%"
-7,84,"22.2%"
-7,85,"11.6%"
-7,86,"17.8%"
-7,87,"20.4%"
-7,88,"21.7%"
-7,89,"19.0%"
-7,90,"18.3%"
-7,91,"20.3%"
-7,92,"24.0%"
-7,93,"29.7%"
-7,94,"26.9%"
-7,95,"29.4%"
-7,96,"31.6%"
-7,97,"26.5%"
-7,98,"26.6%"
-7,99,"32.9%"
-7,100,"38.1%"
-7,101,"37.5%"
-7,102,"28.6%"
-7,103,"30.3%"
-7,104,"30.1%"
-7,105,"31.0%"
-7,106,"41.0%"
-7,107,"34.5%"
-7,108,"35.4%"
-7,109,"29.2%"
-7,110,"33.3%"
-7,111,"29.5%"
-7,112,"49.9%"
-7,113,"32.6%"
-6,20,"36.0%"
-6,33,"73.8%"
-6,35,"32.8%"
-6,41,"27.4%"
-6,53,"36.5%"
-6,55,"20.0%"
-6,57,"18.2%"
-6,59,"21.4%"
-6,60,"16.6%"
-6,61,"34.2%"
-6,62,"15.6%"
-6,63,"19.4%"
-6,64,"24.9%"
-6,65,"19.7%"
-6,66,"13.0%"
-6,67,"22.0%"
-6,68,"20.7%"
-6,69,"22.2%"
-6,70,"13.9%"
-6,71,"16.1%"
-6,72,"19.3%"
-6,73,"14.2%"
-6,74,"15.8%"
-6,75,"13.8%"
-6,76,"12.2%"
-6,77,"19.5%"
-6,78,"19.5%"
-6,79,"21.4%"
-6,80,"15.8%"
-6,81,"16.1%"
-6,82,"17.2%"
-6,83,"19.3%"
-6,84,"22.4%"
-6,85,"20.8%"
-6,86,"22.7%"
-6,87,"19.8%"
-6,88,"20.5%"
-6,89,"23.3%"
-6,90,"25.4%"
-6,91,"20.3%"
-6,92,"27.5%"
-6,93,"38.0%"
-6,94,"30.8%"
-6,95,"35.6%"
-6,96,"38.4%"
-6,97,"41.3%"
-6,98,"30.0%"
-6,99,"37.4%"
-6,100,"38.5%"
-6,101,"39.4%"
-6,102,"45.6%"
-6,103,"38.2%"
-6,104,"47.3%"
-6,105,"47.7%"
-6,106,"46.2%"
-6,107,"46.6%"
-6,108,"43.1%"
-6,109,"38.3%"
-6,110,"41.9%"
-6,111,"40.8%"
-6,112,"45.1%"
-6,114,"60.2%"
-6,118,"62.4%"
-6,120,"43.4%"
-5,30,"21.8%"
-5,41,"30.6%"
-5,44,"27.3%"
-5,45,"9.2%"
-5,49,"27.2%"
-5,52,"14.4%"
-5,54,"14.0%"
-5,56,"16.6%"
-5,57,"17.8%"
-5,58,"16.7%"
-5,59,"24.4%"
-5,60,"10.4%"
-5,61,"17.8%"
-5,62,"8.2%"
-5,64,"9.7%"
-5,65,"15.0%"
-5,68,"16.7%"
-5,69,"21.9%"
-5,70,"16.5%"
-5,71,"16.6%"
-5,72,"22.1%"
-5,73,"14.7%"
-5,74,"15.7%"
-5,75,"21.4%"
-5,76,"24.6%"
-5,77,"17.2%"
-5,78,"19.6%"
-5,79,"23.8%"
-5,80,"18.2%"
-5,81,"17.4%"
-5,82,"23.3%"
-5,83,"18.6%"
-5,84,"16.6%"
-5,85,"30.6%"
-5,86,"20.2%"
-5,87,"25.1%"
-5,88,"22.3%"
-5,89,"27.0%"
-5,90,"20.3%"
-5,91,"31.5%"
-5,92,"30.8%"
-5,93,"35.5%"
-5,94,"32.2%"
-5,95,"41.7%"
-5,96,"42.4%"
-5,97,"45.5%"
-5,98,"38.1%"
-5,99,"37.1%"
-5,100,"49.5%"
-5,101,"38.3%"
-5,102,"37.0%"
-5,103,"37.2%"
-5,104,"38.9%"
-5,105,"46.9%"
-5,106,"56.3%"
-5,107,"45.9%"
-5,108,"42.2%"
-5,109,"45.7%"
-5,110,"56.0%"
-5,111,"59.3%"
-5,112,"41.8%"
-5,113,"55.7%"
-5,114,"68.2%"
-5,120,"45.2%"
-5,124,"44.8%"
-4,34,"79.2%"
-4,37,"24.8%"
-4,39,"34.0%"
-4,49,"35.2%"
-4,52,"46.6%"
-4,55,"40.6%"
-4,58,"21.5%"
-4,59,"26.8%"
-4,60,"28.1%"
-4,62,"19.0%"
-4,63,"16.9%"
-4,64,"21.7%"
-4,65,"13.8%"
-4,66,"17.5%"
-4,68,"9.8%"
-4,69,"15.9%"
-4,70,"24.1%"
-4,71,"18.1%"
-4,72,"12.9%"
-4,73,"14.7%"
-4,74,"15.6%"
-4,75,"10.5%"
-4,76,"16.4%"
-4,77,"13.8%"
-4,78,"22.3%"
-4,79,"21.9%"
-4,80,"24.0%"
-4,81,"20.4%"
-4,82,"25.3%"
-4,83,"20.2%"
-4,84,"35.1%"
-4,85,"21.2%"
-4,86,"31.9%"
-4,87,"21.9%"
-4,88,"31.5%"
-4,89,"26.4%"
-4,90,"34.7%"
-4,91,"32.2%"
-4,92,"39.0%"
-4,93,"40.8%"
-4,94,"32.8%"
-4,95,"42.7%"
-4,96,"41.1%"
-4,97,"46.1%"
-4,98,"42.4%"
-4,99,"41.7%"
-4,100,"45.0%"
-4,101,"40.7%"
-4,102,"40.0%"
-4,103,"32.5%"
-4,104,"46.8%"
-4,105,"44.0%"
-4,106,"48.0%"
-4,107,"53.0%"
-4,108,"56.7%"
-4,109,"53.8%"
-4,110,"57.2%"
-4,111,"43.2%"
-4,112,"66.5%"
-4,115,"36.8%"
-4,116,"61.2%"
-3,39,"18.1%"
-3,40,"41.3%"
-3,43,"47.1%"
-3,49,"13.2%"
-3,54,"30.6%"
-3,59,"5.8%"
-3,60,"16.2%"
-3,62,"12.2%"
-3,63,"16.9%"
-3,64,"23.4%"
-3,65,"30.0%"
-3,66,"19.0%"
-3,67,"12.3%"
-3,68,"16.4%"
-3,69,"12.6%"
-3,70,"30.1%"
-3,71,"14.9%"
-3,72,"20.1%"
-3,73,"27.2%"
-3,74,"13.9%"
-3,75,"26.7%"
-3,76,"24.4%"
-3,77,"18.2%"
-3,78,"22.2%"
-3,79,"25.0%"
-3,80,"15.6%"
-3,81,"19.1%"
-3,82,"20.4%"
-3,83,"10.6%"
-3,84,"26.8%"
-3,85,"20.0%"
-3,86,"36.6%"
-3,87,"24.8%"
-3,88,"28.9%"
-3,89,"26.4%"
-3,90,"27.0%"
-3,91,"29.5%"
-3,92,"38.1%"
-3,93,"38.2%"
-3,94,"37.2%"
-3,95,"39.7%"
-3,96,"45.2%"
-3,97,"42.6%"
-3,98,"42.3%"
-3,99,"46.0%"
-3,100,"43.0%"
-3,101,"45.5%"
-3,102,"46.8%"
-3,103,"48.6%"
-3,104,"47.2%"
-3,105,"48.6%"
-3,106,"47.2%"
-3,107,"43.3%"
-3,108,"47.0%"
-3,109,"45.0%"
-3,110,"56.5%"
-3,111,"52.0%"
-3,112,"57.7%"
-3,113,"58.6%"
-3,114,"64.2%"
-3,115,"68.6%"
-3,117,"42.2%"
-3,118,"18.0%"
-2,21,"37.6%"
-2,34,"15.0%"
-2,41,"10.0%"
-2,53,"13.2%"
-2,56,"12.0%"
-2,60,"33.2%"
-2,61,"34.6%"
-2,62,"17.5%"
-2,63,"13.8%"
-2,64,"14.2%"
-2,65,"7.4%"
-2,66,"11.5%"
-2,67,"14.0%"
-2,68,"18.5%"
-2,69,"19.1%"
-2,70,"11.1%"
-2,71,"25.0%"
-2,72,"17.8%"
-2,73,"13.0%"
-2,74,"13.2%"
-2,75,"18.3%"
-2,76,"25.2%"
-2,77,"15.8%"
-2,78,"24.0%"
-2,79,"19.2%"
-2,80,"31.3%"
-2,81,"20.3%"
-2,82,"19.8%"
-2,83,"23.3%"
-2,84,"36.5%"
-2,85,"37.7%"
-2,86,"23.5%"
-2,87,"27.4%"
-2,88,"36.0%"
-2,89,"29.3%"
-2,90,"36.0%"
-2,91,"38.8%"
-2,92,"33.6%"
-2,93,"38.5%"
-2,94,"36.8%"
-2,95,"44.0%"
-2,96,"41.4%"
-2,97,"50.1%"
-2,98,"42.0%"
-2,99,"39.1%"
-2,100,"43.2%"
-2,101,"47.3%"
-2,102,"48.7%"
-2,103,"44.2%"
-2,104,"52.2%"
-2,105,"51.5%"
-2,106,"54.4%"
-2,107,"43.6%"
-2,108,"46.8%"
-2,109,"60.2%"
-2,110,"40.7%"
-2,111,"54.8%"
-2,112,"54.4%"
-2,113,"57.0%"
-1,36,"9.2%"
-1,55,"18.1%"
-1,56,"18.6%"
-1,57,"19.9%"
-1,59,"5.4%"
-1,61,"13.0%"
-1,62,"23.0%"
-1,63,"20.0%"
-1,64,"26.0%"
-1,65,"26.2%"
-1,66,"13.5%"
-1,67,"5.3%"
-1,68,"15.5%"
-1,69,"24.9%"
-1,70,"21.4%"
-1,71,"17.8%"
-1,72,"27.9%"
-1,73,"16.2%"
-1,74,"21.9%"
-1,75,"19.6%"
-1,76,"21.9%"
-1,77,"12.9%"
-1,78,"18.5%"
-1,79,"35.5%"
-1,80,"20.3%"
-1,81,"18.8%"
-1,82,"20.9%"
-1,83,"32.4%"
-1,84,"34.2%"
-1,85,"31.4%"
-1,86,"36.6%"
-1,87,"25.2%"
-1,88,"32.6%"
-1,89,"34.2%"
-1,90,"33.2%"
-1,91,"35.0%"
-1,92,"37.3%"
-1,93,"35.6%"
-1,94,"37.9%"
-1,95,"35.9%"
-1,96,"41.3%"
-1,97,"49.0%"
-1,98,"37.7%"
-1,99,"43.0%"
-1,100,"43.0%"
-1,101,"45.5%"
-1,102,"57.3%"
-1,103,"48.9%"
-1,104,"54.6%"
-1,105,"48.4%"
-1,106,"55.2%"
-1,107,"55.6%"
-1,108,"55.4%"
-1,109,"53.8%"
-1,110,"53.2%"
-1,111,"58.5%"
-1,112,"50.9%"
-1,113,"62.0%"
-1,114,"55.1%"
-1,115,"34.4%"
0,0,"33.4%"
0,31,"11.0%"
0,47,"23.4%"
0,48,"25.9%"
0,56,"14.2%"
0,57,"9.1%"
0,58,"27.7%"
0,59,"17.0%"
0,61,"14.6%"
0,62,"15.8%"
0,64,"36.4%"
0,65,"20.0%"
0,66,"23.9%"
0,67,"15.4%"
0,68,"23.8%"
0,69,"18.3%"
0,70,"9.6%"
0,71,"25.3%"
0,72,"20.6%"
0,73,"27.8%"
0,74,"20.3%"
0,75,"25.5%"
0,76,"29.4%"
0,77,"22.3%"
0,78,"28.5%"
0,79,"28.8%"
0,80,"28.2%"
0,81,"32.1%"
0,82,"21.8%"
0,83,"28.4%"
0,84,"31.9%"
0,85,"35.2%"
0,86,"28.8%"
0,87,"36.0%"
0,88,"28.0%"
0,89,"40.5%"
0,90,"31.3%"
0,91,"38.1%"
0,92,"35.7%"
0,93,"39.9%"
0,94,"31.8%"
0,95,"38.0%"
0,96,"40.9%"
0,97,"43.1%"
0,98,"38.9%"
0,99,"50.8%"
0,100,"38.8%"
0,101,"48.9%"
0,102,"50.0%"
0,103,"51.0%"
0,104,"56.1%"
0,105,"56.8%"
0,106,"50.3%"
0,107,"49.1%"
0,108,"55.7%"
0,109,"52.8%"
0,110,"53.1%"
0,111,"58.0%"
0,112,"45.0%"
0,113,"71.6%"
0,115,"47.8%"
1,47,"22.0%"
1,49,"28.2%"
1,52,"23.8%"
1,54,"22.2%"
1,58,"13.0%"
1,61,"21.8%"
1,62,"15.5%"
1,64,"16.9%"
1,65,"11.9%"
1,66,"29.7%"
1,67,"22.3%"
1,68,"23.1%"
1,69,"29.8%"
1,70,"22.3%"
1,71,"24.0%"
1,72,"32.3%"
1,73,"28.8%"
1,74,"35.6%"
1,75,"23.8%"
1,76,"25.6%"
1,77,"21.5%"
1,78,"33.6%"
1,79,"28.8%"
1,80,"28.0%"
1,81,"26.4%"
1,82,"32.9%"
1,83,"24.6%"
1,84,"41.5%"
1,85,"38.0%"
1,86,"43.3%"
1,87,"35.0%"
1,88,"43.1%"
1,89,"43.0%"
1,90,"37.9%"
1,91,"46.4%"
1,92,"45.3%"
1,93,"44.6%"
1,94,"43.7%"
1,95,"42.2%"
1,96,"43.7%"
1,97,"47.1%"
1,98,"50.0%"
1,99,"54.2%"
1,100,"53.6%"
1,101,"57.7%"
1,102,"50.6%"
1,103,"55.2%"
1,104,"65.2%"
1,105,"66.7%"
1,106,"72.3%"
1,107,"64.5%"
1,108,"76.3%"
1,109,"65.5%"
1,110,"73.5%"
1,111,"62.8%"
1,112,"64.1%"
1,114,"82.0%"
1,116,"78.8%"
1,117,"37.8%"
2,40,"9.6%"
2,46,"24.8%"
2,47,"6.0%"
2,51,"43.2%"
2,54,"18.5%"
2,57,"7.2%"
2,58,"23.2%"
2,61,"40.7%"
2,63,"35.0%"
2,64,"13.2%"
2,65,"23.8%"
2,66,"32.3%"
2,67,"38.8%"
2,68,"18.8%"
2,69,"38.8%"
2,70,"31.9%"
2,71,"41.5%"
2,72,"35.1%"
2,73,"27.1%"
2,74,"37.1%"
2,75,"23.7%"
2,76,"27.5%"
2,77,"27.6%"
2,78,"30.1%"
2,79,"34.5%"
2,80,"36.2%"
2,81,"36.6%"
2,82,"29.6%"
2,83,"31.9%"
2,84,"36.6%"
2,85,"36.2%"
2,86,"38.0%"
2,87,"47.1%"
2,88,"55.3%"
2,89,"52.4%"
2,90,"43.6%"
2,91,"48.7%"
2,92,"47.4%"
2,93,"47.8%"
2,94,"45.8%"
2,95,"47.8%"
2,96,"53.9%"
2,97,"54.4%"
2,98,"56.7%"
2,99,"61.9%"
2,100,"61.9%"
2,101,"59.0%"
2,102,"58.7%"
2,103,"55.4%"
2,104,"68.3%"
2,105,"73.8%"
2,106,"75.9%"
2,107,"75.3%"
2,108,"76.9%"
2,109,"75.0%"
2,110,"73.7%"
2,111,"74.7%"
2,112,"64.2%"
2,113,"67.8%"
2,114,"57.9%"
2,119,"65.6%"
3,45,"27.0%"
3,48,"7.2%"
3,50,"44.4%"
3,52,"37.2%"
3,53,"27.2%"
3,54,"27.2%"
3,56,"28.7%"
3,57,"20.3%"
3,58,"32.2%"
3,59,"22.8%"
3,61,"41.8%"
3,62,"26.6%"
3,63,"11.6%"
3,64,"36.4%"
3,65,"30.6%"
3,66,"29.2%"
3,67,"22.3%"
3,68,"20.4%"
3,69,"22.4%"
3,70,"27.3%"
3,71,"34.4%"
3,72,"37.2%"
3,73,"29.1%"
3,74,"29.3%"
3,75,"30.4%"
3,76,"29.8%"
3,77,"33.0%"
3,78,"24.3%"
3,79,"33.4%"
3,80,"30.3%"
3,81,"30.6%"
3,82,"34.6%"
3,83,"26.0%"
3,84,"37.9%"
3,85,"33.9%"
3,86,"40.3%"
3,87,"46.0%"
3,88,"45.2%"
3,89,"55.4%"
3,90,"58.4%"
3,91,"50.5%"
3,92,"50.4%"
3,93,"54.2%"
3,94,"56.7%"
3,95,"58.1%"
3,96,"48.3%"
3,97,"57.4%"
3,98,"64.9%"
3,99,"59.1%"
3,100,"62.7%"
3,101,"62.9%"
3,102,"62.7%"
3,103,"57.6%"
3,104,"66.5%"
3,105,"67.4%"
3,106,"79.8%"
3,107,"64.5%"
3,108,"73.4%"
3,109,"79.2%"
3,110,"63.0%"
3,111,"72.2%"
3,112,"74.9%"
3,113,"82.7%"
3,114,"63.5%"
3,115,"76.7%"
4,32,"33.4%"
4,35,"35.4%"
4,41,"14.3%"
4,43,"20.2%"
4,46,"9.4%"
4,48,"36.6%"
4,59,"19.0%"
4,65,"40.4%"
4,66,"24.8%"
4,67,"26.8%"
4,68,"29.8%"
4,69,"23.2%"
4,70,"28.4%"
4,71,"34.5%"
4,72,"35.8%"
4,73,"20.0%"
4,74,"32.8%"
4,75,"46.0%"
4,76,"29.6%"
4,77,"22.9%"
4,78,"33.9%"
4,79,"36.5%"
4,80,"36.1%"
4,81,"37.5%"
4,82,"33.7%"
4,83,"36.4%"
4,84,"43.7%"
4,85,"47.6%"
4,86,"48.0%"
4,87,"36.0%"
4,88,"53.8%"
4,89,"55.4%"
4,90,"56.8%"
4,91,"53.6%"
4,92,"60.5%"
4,93,"58.5%"
4,94,"55.7%"
4,95,"65.7%"
4,96,"62.0%"
4,97,"66.9%"
4,98,"65.3%"
4,99,"66.4%"
4,100,"64.2%"
4,101,"64.6%"
4,102,"56.3%"
4,103,"62.9%"
4,104,"75.2%"
4,105,"77.6%"
4,106,"82.0%"
4,107,"83.3%"
4,108,"79.5%"
4,109,"82.2%"
4,110,"75.0%"
4,111,"71.2%"
4,112,"85.4%"
4,113,"66.2%"
4,118,"79.2%"
5,48,"39.8%"
5,50,"42.8%"
5,51,"29.6%"
5,52,"12.2%"
5,53,"31.6%"
5,56,"26.6%"
5,57,"14.5%"
5,58,"6.8%"
5,59,"31.3%"
5,60,"18.3%"
5,61,"21.4%"
5,63,"35.9%"
5,65,"32.2%"
5,66,"33.5%"
5,67,"42.5%"
5,68,"13.0%"
5,69,"30.9%"
5,70,"28.8%"
5,71,"22.4%"
5,72,"37.8%"
5,73,"34.5%"
5,74,"35.6%"
5,75,"41.0%"
5,76,"43.2%"
5,77,"40.0%"
5,78,"41.2%"
5,79,"45.9%"
5,80,"32.0%"
5,81,"41.3%"
5,82,"38.2%"
5,83,"45.0%"
5,84,"50.4%"
5,85,"55.3%"
5,86,"45.6%"
5,87,"47.7%"
5,88,"61.4%"
5,89,"53.7%"
5,90,"40.9%"
5,91,"62.1%"
5,92,"46.2%"
5,93,"53.7%"
5,94,"68.3%"
5,95,"62.1%"
5,96,"62.9%"
5,97,"64.0%"
5,98,"59.7%"
5,99,"61.1%"
5,100,"69.2%"
5,101,"65.4%"
5,102,"57.2%"
5,103,"59.4%"
5,104,"65.2%"
5,105,"80.9%"
5,106,"80.2%"
5,107,"79.2%"
5,108,"84.3%"
5,109,"81.7%"
5,110,"70.7%"
5,111,"79.5%"
5,112,"83.7%"
5,113,"68.7%"
5,115,"74.5%"
6,43,"22.4%"
6,45,"70.6%"
6,50,"29.2%"
6,51,"30.8%"
6,53,"20.4%"
6,57,"26.3%"
6,59,"11.2%"
6,60,"30.4%"
6,61,"26.8%"
6,62,"39.8%"
6,64,"65.8%"
6,65,"31.2%"
6,66,"27.3%"
6,67,"31.0%"
6,68,"40.5%"
6,69,"44.1%"
6,70,"48.7%"
6,71,"36.0%"
6,72,"52.2%"
6,73,"23.3%"
6,74,"31.9%"
6,75,"36.4%"
6,76,"47.2%"
6,77,"44.2%"
6,78,"46.8%"
6,79,"37.0%"
6,80,"45.2%"
6,81,"44.9%"
6,82,"43.2%"
6,83,"45.7%"
6,84,"49.0%"
6,85,"50.3%"
6,86,"50.5%"
6,87,"51.6%"
6,88,"48.5%"
6,89,"49.9%"
6,90,"57.3%"
6,91,"55.2%"
6,92,"55.9%"
6,93,"62.7%"
6,94,"71.2%"
6,95,"63.9%"
6,96,"67.3%"
6,97,"64.6%"
6,98,"65.3%"
6,99,"62.8%"
6,100,"65.8%"
6,101,"64.0%"
6,102,"57.2%"
6,103,"62.2%"
6,104,"74.2%"
6,105,"82.2%"
6,106,"71.9%"
6,107,"78.7%"
6,108,"70.2%"
6,109,"79.2%"
6,110,"69.3%"
6,111,"77.2%"
6,112,"80.7%"
6,113,"79.8%"
6,114,"79.3%"
6,119,"69.0%"
7,40,"31.0%"
7,48,"17.8%"
7,53,"29.0%"
7,56,"15.8%"
7,58,"37.8%"
7,59,"31.0%"
7,60,"18.4%"
7,61,"19.8%"
7,62,"38.8%"
7,64,"27.8%"
7,65,"45.6%"
7,66,"34.2%"
7,67,"36.9%"
7,68,"39.1%"
7,69,"42.8%"
7,70,"47.7%"
7,71,"46.9%"
7,72,"47.7%"
7,73,"35.4%"
7,74,"34.9%"
7,75,"39.1%"
7,76,"45.4%"
7,77,"36.8%"
7,78,"44.5%"
7,79,"34.1%"
7,80,"48.3%"
7,81,"46.8%"
7,82,"43.5%"
7,83,"48.3%"
7,84,"52.9%"
7,85,"45.5%"
7,86,"37.0%"
7,87,"56.4%"
7,88,"50.8%"
7,89,"57.9%"
7,90,"52.1%"
7,91,"60.1%"
7,92,"61.1%"
7,93,"64.8%"
7,94,"65.9%"
7,95,"68.2%"
7,96,"74.5%"
7,97,"61.2%"
7,98,"60.5%"
7,99,"67.4%"
7,100,"73.2%"
7,101,"71.8%"
7,102,"71.5%"
7,103,"73.7%"
7,104,"75.4%"
7,105,"77.5%"
7,106,"73.7%"
7,107,"81.3%"
7,108,"81.8%"
7,109,"78.1%"
7,110,"75.3%"
7,111,"77.0%"
7,112,"69.4%"
7,113,"55.6%"
7,115,"83.6%"
7,116,"24.6%"
8,39,"37.8%"
8,44,"37.2%"
8,45,"29.8%"
8,50,"23.0%"
8,51,"33.4%"
8,54,"39.2%"
8,56,"43.2%"
8,58,"47.2%"
8,60,"40.2%"
8,61,"14.6%"
8,62,"3.2%"
8,63,"33.8%"
8,64,"50.1%"
8,66,"39.8%"
8,67,"32.1%"
8,68,"51.7%"
8,69,"47.2%"
8,70,"48.8%"
8,71,"55.5%"
8,72,"31.3%"
8,73,"41.6%"
8,74,"44.6%"
8,75,"39.3%"
8,76,"46.9%"
8,77,"57.6%"
8,78,"44.5%"
8,79,"54.1%"
8,80,"37.5%"
8,81,"59.3%"
8,82,"52.6%"
8,83,"52.8%"
8,84,"62.3%"
8,85,"55.3%"
8,86,"58.4%"
8,87,"55.2%"
8,88,"62.4%"
8,89,"68.1%"
8,90,"57.8%"
8,91,"69.8%"
8,92,"55.5%"
8,93,"63.6%"
8,94,"69.8%"
8,95,"78.6%"
8,96,"68.0%"
8,97,"71.0%"
8,98,"68.3%"
8,99,"71.4%"
8,100,"74.0%"
8,101,"77.7%"
8,102,"78.9%"
8,103,"67.4%"
8,104,"77.7%"
8,105,"80.8%"
8,106,"75.0%"
8,107,"83.8%"
8,108,"77.9%"
8,109,"79.2%"
8,110,"81.0%"
8,111,"82.0%"
8,112,"76.1%"
8,113,"79.4%"
8,114,"83.0%"
9,38,"27.8%"
9,41,"19.2%"
9,49,"21.0%"
9,52,"64.2%"
9,53,"40.4%"
9,54,"20.6%"
9,58,"36.9%"
9,60,"48.4%"
9,61,"40.8%"
9,62,"16.6%"
9,63,"38.0%"
9,64,"34.9%"
9,65,"44.1%"
9,67,"43.0%"
9,68,"55.5%"
9,69,"42.3%"
9,70,"47.9%"
9,71,"58.2%"
9,72,"55.4%"
9,73,"54.9%"
9,74,"60.7%"
9,75,"57.3%"
9,76,"57.5%"
9,77,"63.7%"
9,78,"55.2%"
9,79,"63.7%"
9,80,"42.5%"
9,81,"59.8%"
9,82,"54.9%"
9,83,"64.0%"
9,84,"72.8%"
9,85,"71.0%"
9,86,"70.3%"
9,87,"69.3%"
9,88,"63.5%"
9,89,"62.0%"
9,90,"61.2%"
9,91,"57.2%"
9,92,"59.7%"
9,93,"77.1%"
9,94,"75.1%"
9,95,"76.0%"
9,96,"67.7%"
9,97,"72.9%"
9,98,"71.8%"
9,99,"73.4%"
9,100,"77.9%"
9,101,"80.7%"
9,102,"82.9%"
9,103,"75.4%"
9,104,"76.5%"
9,105,"78.7%"
9,106,"84.9%"
9,107,"83.8%"
9,108,"80.8%"
9,109,"84.0%"
9,110,"73.3%"
9,111,"82.8%"
9,112,"81.6%"
9,113,"69.0%"
10,52,"29.4%"
10,53,"46.0%"
10,55,"44.1%"
10,56,"40.9%"
10,57,"24.2%"
10,58,"7.0%"
10,59,"14.6%"
10,61,"41.1%"
10,62,"36.0%"
10,63,"12.0%"
10,64,"29.6%"
10,65,"80.4%"
10,66,"53.8%"
10,67,"49.6%"
10,68,"29.0%"
10,70,"39.2%"
10,71,"69.1%"
10,72,"52.2%"
10,73,"57.5%"
10,74,"60.6%"
10,75,"62.9%"
10,76,"55.0%"
10,77,"58.3%"
10,78,"59.1%"
10,79,"68.5%"
10,80,"70.5%"
10,81,"59.7%"
10,82,"64.5%"
10,83,"67.7%"
10,84,"76.4%"
10,85,"66.8%"
10,86,"72.8%"
10,87,"73.5%"
10,88,"64.5%"
10,89,"67.1%"
10,90,"73.9%"
10,91,"73.4%"
10,92,"74.2%"
10,93,"74.5%"
10,94,"75.9%"
10,95,"78.7%"
10,96,"79.9%"
10,97,"72.4%"
10,98,"78.6%"
10,99,"73.3%"
10,100,"77.3%"
10,101,"75.3%"
10,102,"75.5%"
10,103,"73.0%"
10,104,"82.7%"
10,105,"80.6%"
10,106,"81.8%"
10,107,"88.7%"
10,108,"86.8%"
10,109,"92.9%"
10,110,"81.2%"
10,111,"79.7%"
10,112,"81.9%"
10,114,"88.2%"
10,115,"81.8%"
10,116,"66.4%"
11,46,"33.6%"
11,49,"47.8%"
11,52,"39.0%"
11,54,"54.2%"
11,55,"30.6%"
11,56,"32.0%"
11,58,"32.9%"
11,61,"43.8%"
11,62,"52.3%"
11,63,"30.6%"
11,64,"25.2%"
11,65,"36.9%"
11,66,"40.0%"
11,67,"47.4%"
11,68,"43.6%"
11,69,"33.7%"
11,70,"38.9%"
11,71,"49.1%"
11,72,"63.5%"
11,73,"58.0%"
11,74,"62.3%"
11,75,"64.4%"
11,76,"60.0%"
11,77,"70.0%"
11,78,"40.2%"
11,79,"61.8%"
11,80,"65.8%"
11,81,"71.0%"
11,82,"63.5%"
11,83,"72.1%"
11,84,"67.0%"
11,85,"71.7%"
11,86,"79.8%"
11,87,"68.5%"
11,88,"69.6%"
11,89,"68.9%"
11,90,"59.9%"
11,91,"65.6%"
11,92,"71.1%"
11,93,"77.0%"
11,94,"73.8%"
11,95,"80.4%"
11,96,"77.4%"
11,97,"76.2%"
11,98,"79.2%"
11,99,"79.4%"
11,100,"80.3%"
11,101,"80.8%"
11,102,"74.8%"
11,103,"79.0%"
11,104,"81.6%"
11,105,"80.0%"
11,106,"83.4%"
11,107,"83.8%"
11,108,"83.5%"
11,109,"88.1%"
11,110,"85.9%"
11,111,"87.0%"
11,112,"76.7%"
11,113,"61.0%"
11,114,"71.6%"
11,116,"84.8%"
11,117,"68.0%"
12,36,"25.8%"
12,44,"45.0%"
12,46,"34.4%"
12,47,"40.0%"
12,49,"35.4%"
12,51,"39.6%"
12,52,"35.5%"
12,53,"32.5%"
12,54,"33.8%"
12,55,"31.1%"
12,57,"16.8%"
12,58,"41.8%"
12,59,"45.6%"
12,61,"32.9%"
12,62,"56.4%"
12,65,"29.8%"
12,66,"51.1%"
12,67,"41.8%"
12,68,"36.0%"
12,69,"51.9%"
12,70,"47.1%"
12,71,"70.9%"
12,72,"71.6%"
12,73,"59.2%"
12,74,"68.2%"
12,75,"70.4%"
12,76,"73.3%"
12,77,"72.0%"
12,78,"55.4%"
12,79,"57.6%"
12,80,"69.9%"
12,81,"69.2%"
12,82,"67.1%"
12,83,"71.8%"
12,84,"79.2%"
12,85,"84.2%"
12,86,"73.4%"
12,87,"78.5%"
12,88,"73.4%"
12,89,"81.0%"
12,90,"76.0%"
12,91,"71.7%"
12,92,"84.5%"
12,93,"75.2%"
12,94,"77.0%"
12,95,"79.0%"
12,96,"77.6%"
12,97,"80.7%"
12,98,"77.7%"
12,99,"79.0%"
12,100,"79.5%"
12,101,"75.7%"
12,102,"80.1%"
12,103,"81.1%"
12,104,"85.8%"
12,105,"81.8%"
12,106,"87.3%"
12,107,"85.6%"
12,108,"81.0%"
12,109,"89.2%"
12,110,"84.6%"
12,111,"69.9%"
12,112,"89.6%"
12,113,"85.4%"
12,114,"72.8%"
12,117,"87.0%"
13,43,"41.6%"
13,48,"37.4%"
13,50,"37.8%"
13,51,"29.2%"
13,52,"42.3%"
13,54,"29.6%"
13,55,"12.6%"
13,60,"39.5%"
13,62,"29.4%"
13,64,"39.7%"
13,65,"78.6%"
13,66,"47.6%"
13,67,"44.1%"
13,68,"50.1%"
13,69,"59.0%"
13,70,"48.2%"
13,71,"58.5%"
13,72,"61.0%"
13,73,"55.1%"
13,74,"61.5%"
13,75,"58.1%"
13,76,"69.8%"
13,77,"74.1%"
13,78,"74.6%"
13,79,"76.1%"
13,80,"83.8%"
13,81,"71.5%"
13,82,"75.2%"
13,83,"77.4%"
13,84,"83.1%"
13,85,"86.1%"
13,86,"72.5%"
13,87,"78.6%"
13,88,"80.7%"
13,89,"81.3%"
13,90,"72.3%"
13,91,"72.9%"
13,92,"75.4%"
13,93,"77.5%"
13,94,"81.3%"
13,95,"79.7%"
13,96,"83.5%"
13,97,"82.6%"
13,98,"76.1%"
13,99,"79.2%"
13,100,"82.0%"
13,101,"77.1%"
13,102,"73.0%"
13,103,"76.1%"
13,104,"75.7%"
13,105,"84.7%"
13,106,"82.2%"
13,107,"88.3%"
13,108,"86.0%"
13,109,"84.7%"
13,110,"69.1%"
13,111,"79.3%"
13,112,"81.5%"
13,113,"71.2%"
13,114,"84.8%"
14,55,"40.1%"
14,57,"4.6%"
14,58,"46.4%"
14,59,"25.3%"
14,63,"59.2%"
14,66,"52.6%"
14,67,"58.5%"
14,68,"60.0%"
14,69,"61.7%"
14,70,"59.6%"
14,71,"50.2%"
14,72,"68.3%"
14,73,"49.8%"
14,74,"57.9%"
14,75,"66.8%"
14,76,"70.7%"
14,77,"75.3%"
14,78,"74.0%"
14,79,"78.1%"
14,80,"83.8%"
14,81,"84.8%"
14,82,"81.0%"
14,83,"79.1%"
14,84,"74.6%"
14,85,"76.5%"
14,86,"82.1%"
14,87,"78.5%"
14,88,"80.9%"
14,89,"75.8%"
14,90,"70.5%"
14,91,"79.4%"
14,92,"71.4%"
14,93,"79.9%"
14,94,"82.4%"
14,95,"78.6%"
14,96,"76.5%"
14,97,"69.9%"
14,98,"74.2%"
14,99,"78.2%"
14,100,"74.5%"
14,101,"70.9%"
14,102,"72.3%"
14,103,"72.9%"
14,104,"76.8%"
14,105,"79.7%"
14,106,"78.0%"
14,107,"79.2%"
14,108,"79.4%"
14,109,"81.1%"
14,110,"74.3%"
14,111,"86.2%"
14,112,"86.9%"
14,113,"83.6%"
14,114,"80.4%"
14,117,"86.8%"
15,45,"44.4%"
15,51,"22.0%"
15,52,"37.8%"
15,55,"20.2%"
15,57,"48.8%"
15,58,"25.7%"
15,59,"17.6%"
15,60,"44.0%"
15,61,"33.9%"
15,62,"43.2%"
15,65,"64.5%"
15,66,"46.3%"
15,67,"36.4%"
15,68,"73.6%"
15,69,"62.9%"
15,71,"69.5%"
15,72,"75.4%"
15,73,"67.2%"
15,74,"70.6%"
15,75,"75.8%"
15,76,"81.0%"
15,77,"79.7%"
15,78,"74.0%"
15,79,"79.4%"
15,80,"83.8%"
15,81,"79.2%"
15,82,"84.0%"
15,83,"78.8%"
15,84,"80.6%"
15,85,"79.2%"
15,86,"71.3%"
15,87,"81.4%"
15,88,"79.8%"
15,89,"81.5%"
15,90,"70.7%"
15,91,"73.0%"
15,92,"69.2%"
15,93,"73.0%"
15,94,"69.0%"
15,95,"75.5%"
15,96,"74.8%"
15,97,"71.4%"
15,98,"70.2%"
15,99,"70.3%"
15,100,"72.1%"
15,101,"70.8%"
15,102,"70.2%"
15,103,"67.6%"
15,104,"72.9%"
15,105,"67.0%"
15,106,"76.0%"
15,107,"86.2%"
15,108,"78.6%"
15,109,"67.8%"
15,110,"87.6%"
15,111,"65.5%"
15,112,"69.8%"
15,113,"95.2%"
15,115,"81.9%"
16,32,"46.4%"
16,38,"47.0%"
16,41,"43.4%"
16,46,"40.6%"
16,48,"50.4%"
16,49,"48.0%"
16,50,"33.3%"
16,51,"43.4%"
16,52,"16.4%"
16,55,"38.0%"
16,56,"50.6%"
16,57,"44.4%"
16,61,"38.4%"
16,62,"16.8%"
16,63,"64.2%"
16,64,"59.4%"
16,65,"51.6%"
16,66,"42.2%"
16,67,"38.5%"
16,68,"63.5%"
16,69,"69.6%"
16,70,"46.5%"
16,71,"64.7%"
16,72,"72.2%"
16,73,"79.8%"
16,74,"79.8%"
16,75,"70.2%"
16,76,"76.6%"
16,77,"78.3%"
16,78,"74.9%"
16,79,"80.5%"
16,80,"74.6%"
16,81,"84.9%"
16,82,"73.4%"
16,83,"77.3%"
16,84,"73.9%"
16,85,"78.8%"
16,86,"68.4%"
16,87,"74.6%"
16,88,"80.6%"
16,89,"68.5%"
16,90,"67.1%"
16,91,"68.4%"
16,92,"65.8%"
16,93,"75.2%"
16,94,"67.3%"
16,95,"58.4%"
16,96,"65.8%"
16,97,"68.0%"
16,98,"66.6%"
16,99,"68.9%"
16,100,"66.3%"
16,101,"76.0%"
16,102,"73.6%"
16,103,"67.6%"
16,104,"69.7%"
16,105,"69.2%"
16,106,"72.5%"
16,107,"77.4%"
16,108,"77.2%"
16,109,"69.6%"
16,110,"81.6%"
16,111,"76.0%"
16,112,"81.8%"
16,113,"38.8%"
16,114,"53.0%"
16,115,"77.2%"
16,116,"78.0%"
17,41,"41.0%"
17,42,"12.4%"
17,48,"6.6%"
17,49,"31.4%"
17,50,"31.8%"
17,52,"35.2%"
17,53,"32.6%"
17,54,"31.6%"
17,55,"41.3%"
17,56,"29.0%"
17,57,"57.2%"
17,58,"24.1%"
17,60,"46.4%"
17,61,"33.5%"
17,62,"56.2%"
17,64,"55.6%"
17,65,"49.3%"
17,66,"33.2%"
17,67,"46.1%"
17,68,"50.5%"
17,69,"60.4%"
17,70,"74.2%"
17,71,"67.0%"
17,72,"77.1%"
17,73,"75.2%"
17,74,"76.7%"
17,75,"75.3%"
17,76,"72.3%"
17,77,"76.4%"
17,78,"76.2%"
17,79,"76.9%"
17,80,"77.0%"
17,81,"79.7%"
17,82,"81.9%"
17,83,"71.7%"
17,84,"80.3%"
17,85,"73.4%"
17,86,"77.8%"
17,87,"64.0%"
17,88,"66.1%"
17,89,"68.9%"
17,90,"72.8%"
17,91,"63.1%"
17,92,"68.4%"
17,93,"63.3%"
17,94,"62.6%"
17,95,"60.0%"
17,96,"64.0%"
17,97,"59.6%"
17,98,"59.7%"
17,99,"64.0%"
17,100,"62.8%"
17,101,"70.2%"
17,102,"68.4%"
17,103,"70.4%"
17,104,"77.0%"
17,105,"75.3%"
17,106,"71.6%"
17,107,"81.8%"
17,108,"81.8%"
17,109,"76.1%"
17,110,"85.2%"
17,111,"80.8%"
17,112,"83.9%"
17,113,"82.0%"
17,114,"82.5%"
17,115,"66.8%"
18,42,"54.4%"
18,48,"15.6%"
18,49,"39.0%"
18,52,"42.2%"
18,54,"23.6%"
18,55,"59.0%"
18,56,"45.2%"
18,57,"48.0%"
18,58,"40.8%"
18,59,"56.2%"
18,60,"43.8%"
18,61,"45.9%"
18,62,"53.8%"
18,63,"41.5%"
18,64,"58.0%"
18,65,"51.5%"
18,66,"46.7%"
18,67,"53.4%"
18,68,"49.8%"
18,69,"58.2%"
18,70,"56.7%"
18,71,"73.4%"
18,72,"77.7%"
18,73,"76.7%"
18,74,"67.9%"
18,75,"73.4%"
18,76,"76.3%"
18,77,"76.3%"
18,78,"72.3%"
18,79,"79.8%"
18,80,"75.1%"
18,81,"80.5%"
18,82,"72.6%"
18,83,"74.5%"
18,84,"76.6%"
18,85,"66.6%"
18,86,"73.8%"
18,87,"67.7%"
18,88,"68.3%"
18,89,"58.6%"
18,90,"59.9%"
18,91,"62.9%"
18,92,"54.1%"
18,93,"52.1%"
18,94,"58.0%"
18,95,"47.3%"
18,96,"51.6%"
18,97,"61.0%"
18,98,"53.6%"
18,99,"52.9%"
18,100,"63.4%"
18,101,"69.1%"
18,102,"74.1%"
18,103,"72.3%"
18,104,"75.5%"
18,105,"77.8%"
18,106,"77.5%"
18,107,"73.7%"
18,108,"80.8%"
18,109,"89.0%"
18,110,"77.7%"
18,111,"81.3%"
18,112,"85.1%"
18,113,"85.6%"
18,114,"84.3%"
19,39,"12.6%"
19,40,"11.0%"
19,42,"55.0%"
19,45,"47.6%"
19,49,"42.6%"
19,52,"47.2%"
19,53,"60.6%"
19,55,"44.2%"
19,56,"41.0%"
19,57,"50.8%"
19,58,"48.4%"
19,60,"37.6%"
19,61,"18.6%"
19,62,"34.2%"
19,63,"14.2%"
19,64,"13.6%"
19,65,"72.7%"
19,66,"57.7%"
19,67,"59.8%"
19,69,"65.4%"
19,70,"61.2%"
19,71,"75.2%"
19,72,"82.0%"
19,73,"80.6%"
19,74,"76.5%"
19,75,"75.1%"
19,76,"81.2%"
19,77,"73.0%"
19,78,"65.2%"
19,79,"83.0%"
19,80,"71.1%"
19,81,"75.0%"
19,82,"75.3%"
19,83,"68.2%"
19,84,"72.0%"
19,85,"75.8%"
19,86,"71.0%"
19,87,"69.7%"
19,88,"57.6%"
19,89,"64.8%"
19,90,"55.2%"
19,91,"55.3%"
19,92,"61.7%"
19,93,"56.7%"
19,94,"52.9%"
19,95,"49.5%"
19,96,"48.5%"
19,97,"55.1%"
19,98,"51.8%"
19,99,"66.0%"
19,100,"67.6%"
19,101,"66.5%"
19,102,"72.4%"
19,103,"72.0%"
19,104,"76.1%"
19,105,"78.8%"
19,106,"78.8%"
19,107,"76.6%"
19,108,"80.5%"
19,109,"89.4%"
19,110,"91.3%"
19,111,"92.7%"
19,112,"84.9%"
19,113,"92.5%"
19,114,"61.6%"
19,115,"83.0%"
20,38,"64.8%"
20,49,"60.4%"
20,50,"14.6%"
20,52,"39.6%"
20,54,"65.6%"
20,55,"63.0%"
20,56,"19.8%"
20,57,"46.0%"
20,58,"48.7%"
20,59,"51.0%"
20,60,"47.3%"
20,61,"47.8%"
20,63,"71.0%"
20,64,"60.7%"
20,65,"51.2%"
20,66,"65.9%"
20,67,"51.3%"
20,68,"58.1%"
20,70,"76.8%"
20,71,"80.4%"
20,72,"61.8%"
20,73,"79.8%"
20,74,"78.7%"
20,75,"76.4%"
20,76,"77.1%"
20,77,"75.6%"
20,78,"59.9%"
20,79,"72.0%"
20,80,"76.6%"
20,81,"71.9%"
20,82,"67.8%"
20,83,"65.6%"
20,84,"70.6%"
20,85,"58.9%"
20,86,"57.3%"
20,87,"52.7%"
20,88,"48.3%"
20,89,"54.6%"
20,90,"41.5%"
20,91,"46.1%"
20,92,"40.3%"
20,93,"43.3%"
20,94,"42.8%"
20,95,"40.3%"
20,96,"42.4%"
20,97,"47.8%"
20,98,"52.4%"
20,99,"59.9%"
20,100,"59.8%"
20,101,"69.8%"
20,102,"74.3%"
20,103,"68.3%"
20,104,"75.8%"
20,105,"72.6%"
20,106,"82.4%"
20,107,"77.3%"
20,108,"79.4%"
20,109,"89.3%"
20,110,"79.8%"
20,111,"83.8%"
20,112,"89.8%"
20,113,"83.3%"
20,115,"82.6%"
20,116,"78.8%"
21,41,"36.8%"
21,47,"74.6%"
21,56,"62.2%"
21,57,"77.4%"
21,60,"54.7%"
21,63,"63.4%"
21,65,"70.0%"
21,66,"65.8%"
21,67,"84.6%"
21,68,"79.0%"
21,69,"71.7%"
21,70,"68.3%"
21,71,"72.4%"
21,72,"79.2%"
21,73,"73.2%"
21,75,"70.2%"
21,76,"67.9%"
21,77,"66.9%"
21,78,"63.2%"
21,79,"63.8%"
21,80,"68.8%"
21,81,"55.3%"
21,82,"52.8%"
21,83,"61.6%"
21,84,"52.7%"
21,85,"43.7%"
21,86,"54.6%"
21,87,"44.3%"
21,88,"40.7%"
21,89,"38.6%"
21,90,"40.3%"
21,91,"41.6%"
21,92,"41.4%"
21,93,"36.9%"
21,94,"37.5%"
21,95,"36.2%"
21,96,"35.4%"
21,97,"41.2%"
21,98,"48.3%"
21,99,"60.3%"
21,100,"69.2%"
21,101,"74.4%"
21,102,"79.8%"
21,103,"69.8%"
21,104,"82.9%"
21,105,"83.9%"
21,106,"82.8%"
21,107,"82.9%"
21,108,"81.0%"
21,109,"83.7%"
21,110,"81.2%"
21,111,"87.9%"
21,112,"85.8%"
21,114,"78.1%"
22,38,"10.4%"
22,45,"40.8%"
22,47,"16.6%"
22,52,"53.0%"
22,57,"77.4%"
22,58,"57.6%"
22,59,"40.0%"
22,62,"47.1%"
22,63,"90.0%"
22,64,"75.0%"
22,65,"77.6%"
22,66,"73.4%"
22,67,"79.5%"
22,68,"63.8%"
22,69,"67.9%"
22,70,"76.0%"
22,71,"76.2%"
22,72,"69.9%"
22,73,"74.4%"
22,74,"73.0%"
22,75,"65.0%"
22,76,"64.6%"
22,77,"50.2%"
22,78,"72.1%"
22,79,"58.1%"
22,80,"48.2%"
22,81,"44.0%"
22,82,"45.2%"
22,83,"34.6%"
22,84,"49.7%"
22,85,"37.8%"
22,86,"29.6%"
22,87,"40.9%"
22,88,"37.8%"
22,89,"38.5%"
22,90,"27.7%"
22,91,"28.7%"
22,92,"30.7%"
22,93,"25.3%"
22,94,"24.0%"
22,95,"30.2%"
22,96,"30.6%"
22,97,"36.5%"
22,98,"38.5%"
22,99,"58.6%"
22,100,"67.0%"
22,101,"73.7%"
22,102,"76.5%"
22,103,"82.3%"
22,104,"85.8%"
22,105,"84.1%"
22,106,"86.7%"
22,107,"90.4%"
22,108,"91.4%"
22,109,"82.5%"
22,110,"92.6%"
22,111,"81.0%"
22,112,"89.0%"
22,113,"94.2%"
23,40,"49.0%"
23,43,"34.6%"
23,52,"54.0%"
23,54,"45.0%"
23,57,"39.8%"
23,58,"62.6%"
23,60,"46.5%"
23,61,"70.4%"
23,62,"70.4%"
23,63,"70.3%"
23,64,"86.2%"
23,65,"67.4%"
23,66,"83.0%"
23,67,"80.6%"
23,68,"80.0%"
23,70,"79.8%"
23,71,"66.5%"
23,72,"69.4%"
23,73,"65.7%"
23,74,"72.2%"
23,75,"55.2%"
23,76,"67.2%"
23,77,"62.7%"
23,78,"38.3%"
23,79,"46.6%"
23,80,"46.3%"
23,81,"48.5%"
23,82,"33.0%"
23,83,"41.7%"
23,84,"32.3%"
23,85,"42.5%"
23,86,"33.6%"
23,87,"34.4%"
23,88,"23.7%"
23,89,"27.0%"
23,90,"26.2%"
23,91,"29.4%"
23,92,"27.4%"
23,93,"28.1%"
23,94,"27.1%"
23,95,"31.4%"
23,96,"35.8%"
23,97,"34.3%"
23,98,"40.8%"
23,99,"55.4%"
23,100,"65.6%"
23,101,"74.0%"
23,102,"80.8%"
23,103,"82.2%"
23,104,"84.0%"
23,105,"88.4%"
23,106,"90.6%"
23,107,"86.5%"
23,108,"90.9%"
23,109,"90.9%"
23,110,"93.9%"
23,111,"89.0%"
23,112,"77.5%"
23,114,"86.6%"
23,117,"88.4%"
24,43,"33.4%"
24,48,"47.1%"
24,54,"50.0%"
24,55,"59.4%"
24,56,"61.6%"
24,57,"53.6%"
24,59,"48.9%"
24,60,"29.6%"
24,62,"67.3%"
24,63,"75.8%"
24,64,"71.4%"
24,65,"70.2%"
24,66,"69.7%"
24,67,"72.6%"
24,68,"70.3%"
24,69,"66.8%"
24,70,"70.8%"
24,71,"71.5%"
24,72,"78.7%"
24,73,"72.5%"
24,74,"61.0%"
24,75,"65.0%"
24,76,"61.5%"
24,77,"63.4%"
24,78,"48.7%"
24,79,"45.5%"
24,80,"38.5%"
24,81,"42.0%"
24,82,"29.6%"
24,83,"31.9%"
24,84,"38.9%"
24,85,"24.8%"
24,86,"26.8%"
24,87,"25.2%"
24,88,"18.4%"
24,89,"25.7%"
24,90,"19.6%"
24,91,"25.0%"
24,92,"26.1%"
24,93,"28.0%"
24,94,"26.3%"
24,95,"27.0%"
24,96,"36.2%"
24,97,"34.3%"
24,98,"44.4%"
24,99,"53.3%"
24,100,"67.2%"
24,101,"82.9%"
24,102,"87.1%"
24,103,"83.8%"
24,104,"80.7%"
24,105,"84.3%"
24,106,"92.8%"
24,107,"95.4%"
24,108,"95.9%"
24,109,"93.8%"
24,110,"94.0%"
24,111,"95.4%"
24,112,"84.5%"
24,114,"96.6%"
25,40,"61.4%"
25,52,"42.2%"
25,54,"52.8%"
25,56,"39.2%"
25,57,"51.3%"
25,58,"73.9%"
25,59,"61.6%"
25,60,"57.0%"
25,63,"81.1%"
25,64,"69.5%"
25,65,"79.4%"
25,66,"66.0%"
25,67,"80.9%"
25,68,"83.7%"
25,69,"78.2%"
25,71,"72.1%"
25,72,"78.2%"
25,73,"77.8%"
25,74,"70.9%"
25,75,"55.5%"
25,76,"57.9%"
25,77,"44.5%"
25,78,"52.1%"
25,79,"49.1%"
25,80,"31.8%"
25,81,"29.6%"
25,82,"36.4%"
25,83,"35.7%"
25,84,"29.1%"
25,85,"23.9%"
25,86,"30.8%"
25,87,"25.3%"
25,88,"23.7%"
25,89,"24.2%"
25,90,"22.6%"
25,91,"27.7%"
25,92,"26.6%"
25,93,"37.3%"
25,94,"34.3%"
25,95,"29.7%"
25,96,"37.0%"
25,97,"35.5%"
25,98,"45.3%"
25,99,"58.8%"
25,100,"74.2%"
25,101,"71.9%"
25,102,"81.2%"
25,103,"84.8%"
25,104,"88.6%"
25,105,"88.6%"
25,106,"90.8%"
25,107,"88.0%"
25,108,"90.5%"
25,109,"96.1%"
25,110,"88.3%"
25,111,"84.9%"
25,112,"95.0%"
26,46,"43.2%"
26,51,"56.0%"
26,52,"58.4%"
26,54,"69.4%"
26,55,"74.2%"
26,56,"67.5%"
26,57,"62.5%"
26,58,"55.6%"
26,59,"57.9%"
26,60,"63.8%"
26,61,"69.3%"
26,62,"51.2%"
26,63,"68.8%"
26,64,"54.0%"
26,65,"72.3%"
26,66,"66.1%"
26,68,"77.0%"
26,69,"73.5%"
26,70,"78.2%"
26,71,"84.2%"
26,72,"63.0%"
26,73,"67.9%"
26,74,"74.8%"
26,75,"57.2%"
26,76,"49.4%"
26,77,"48.4%"
26,78,"49.1%"
26,79,"34.1%"
26,80,"26.6%"
26,81,"42.0%"
26,82,"38.8%"
26,83,"30.7%"
26,84,"33.8%"
26,85,"26.7%"
26,86,"22.2%"
26,87,"24.6%"
26,88,"26.7%"
26,89,"20.8%"
26,90,"19.5%"
26,91,"22.4%"
26,92,"24.5%"
26,93,"28.7%"
26,94,"26.3%"
26,95,"30.8%"
26,96,"32.0%"
26,97,"35.9%"
26,98,"38.9%"
26,99,"59.0%"
26,100,"70.2%"
26,101,"71.8%"
26,102,"81.6%"
26,103,"81.6%"
26,104,"85.8%"
26,105,"79.3%"
26,106,"89.4%"
26,107,"90.3%"
26,108,"88.1%"
26,109,"91.7%"
26,110,"79.2%"
26,111,"89.9%"
26,112,"94.0%"
26,113,"92.2%"
27,41,"54.2%"
27,51,"17.0%"
27,53,"67.3%"
27,54,"53.8%"
27,55,"58.8%"
27,58,"62.5%"
27,59,"78.6%"
27,60,"78.0%"
27,61,"64.7%"
27,62,"58.3%"
27,63,"66.0%"
27,64,"81.3%"
27,65,"92.2%"
27,66,"61.2%"
27,67,"67.7%"
27,68,"42.0%"
27,69,"59.4%"
27,70,"81.6%"
27,71,"73.1%"
27,72,"62.0%"
27,73,"58.2%"
27,74,"53.5%"
27,75,"48.3%"
27,76,"36.1%"
27,77,"34.3%"
27,78,"24.3%"
27,79,"36.8%"
27,80,"30.2%"
27,81,"24.1%"
27,82,"18.8%"
27,83,"19.6%"
27,84,"18.8%"
27,85,"21.6%"
27,86,"15.6%"
27,87,"19.2%"
27,88,"18.3%"
27,89,"17.8%"
27,90,"15.8%"
27,91,"19.1%"
27,92,"18.2%"
27,93,"28.4%"
27,94,"22.8%"
27,95,"27.3%"
27,96,"35.8%"
27,97,"33.5%"
27,98,"37.8%"
27,99,"58.6%"
27,100,"71.6%"
27,101,"69.5%"
27,102,"79.0%"
27,103,"85.8%"
27,104,"88.1%"
27,105,"91.5%"
27,106,"94.7%"
27,107,"89.5%"
27,108,"91.6%"
27,109,"91.5%"
27,110,"95.7%"
27,111,"95.8%"
27,112,"91.2%"
27,113,"76.6%"
28,34,"55.8%"
28,35,"81.2%"
28,46,"34.8%"
28,50,"54.8%"
28,51,"21.2%"
28,54,"82.0%"
28,55,"49.2%"
28,57,"55.2%"
28,58,"55.6%"
28,59,"66.1%"
28,60,"61.9%"
28,61,"66.4%"
28,62,"63.3%"
28,63,"62.8%"
28,64,"46.7%"
28,65,"53.6%"
28,67,"62.5%"
28,68,"69.0%"
28,69,"57.0%"
28,70,"71.0%"
28,71,"59.6%"
28,72,"53.6%"
28,73,"48.2%"
28,74,"43.2%"
28,75,"38.3%"
28,76,"35.2%"
28,77,"37.6%"
28,78,"26.2%"
28,79,"36.7%"
28,80,"20.4%"
28,81,"26.7%"
28,82,"18.8%"
28,83,"23.9%"
28,84,"17.5%"
28,85,"20.6%"
28,86,"18.0%"
28,87,"10.4%"
28,88,"18.3%"
28,89,"17.1%"
28,90,"15.3%"
28,91,"14.5%"
28,92,"14.1%"
28,93,"16.9%"
28,94,"24.0%"
28,95,"24.2%"
28,96,"34.6%"
28,97,"32.2%"
28,98,"34.2%"
28,99,"59.5%"
28,100,"65.9%"
28,101,"77.3%"
28,102,"82.4%"
28,103,"82.5%"
28,104,"89.4%"
28,105,"89.3%"
28,106,"91.0%"
28,107,"87.8%"
28,108,"93.4%"
28,109,"91.2%"
28,110,"90.6%"
28,111,"85.5%"
28,112,"93.7%"
28,113,"96.4%"
29,51,"17.0%"
29,54,"36.4%"
29,57,"49.4%"
29,62,"56.0%"
29,63,"59.1%"
29,64,"69.7%"
29,65,"84.1%"
29,66,"69.4%"
29,67,"73.4%"
29,68,"68.0%"
29,69,"53.0%"
29,70,"61.2%"
29,71,"54.8%"
29,72,"61.9%"
29,73,"46.2%"
29,74,"54.6%"
29,75,"27.9%"
29,76,"35.2%"
29,77,"21.8%"
29,78,"31.3%"
29,79,"26.2%"
29,80,"28.8%"
29,81,"16.4%"
29,82,"26.2%"
29,83,"16.3%"
29,84,"16.4%"
29,85,"19.5%"
29,86,"7.5%"
29,87,"14.6%"
29,88,"14.7%"
29,89,"15.5%"
29,90,"15.6%"
29,91,"13.5%"
29,92,"23.9%"
29,93,"18.3%"
29,94,"20.9%"
29,95,"26.6%"
29,96,"33.9%"
29,97,"38.1%"
29,98,"45.6%"
29,99,"52.8%"
29,100,"64.1%"
29,101,"65.6%"
29,102,"76.6%"
29,103,"77.6%"
29,104,"79.9%"
29,105,"85.9%"
29,106,"86.7%"
29,107,"92.3%"
29,108,"88.5%"
29,109,"89.7%"
29,110,"95.3%"
29,112,"88.2%"
29,113,"96.4%"
30,43,"37.6%"
30,45,"41.8%"
30,47,"61.2%"
30,49,"59.2%"
30,50,"52.2%"
30,51,"46.6%"
30,52,"40.6%"
30,55,"13.8%"
30,57,"45.1%"
30,61,"61.0%"
30,62,"46.4%"
30,63,"70.8%"
30,65,"68.2%"
30,66,"68.3%"
30,67,"64.8%"
30,68,"77.7%"
30,69,"67.6%"
30,70,"69.4%"
30,71,"66.9%"
30,72,"70.9%"
30,73,"56.1%"
30,74,"37.0%"
30,75,"39.0%"
30,76,"27.8%"
30,77,"34.3%"
30,78,"30.7%"
30,79,"32.6%"
30,80,"26.9%"
30,81,"20.5%"
30,82,"17.7%"
30,83,"16.9%"
30,84,"21.0%"
30,85,"13.2%"
30,86,"17.0%"
30,87,"20.4%"
30,88,"14.2%"
30,89,"15.7%"
30,90,"16.1%"
30,91,"15.3%"
30,92,"17.8%"
30,93,"23.7%"
30,94,"26.3%"
30,95,"25.7%"
30,96,"39.9%"
30,97,"42.8%"
30,98,"42.5%"
30,99,"57.8%"
30,100,"66.4%"
30,101,"71.5%"
30,102,"71.0%"
30,103,"71.0%"
30,104,"81.0%"
30,105,"89.5%"
30,106,"90.7%"
30,107,"84.6%"
30,108,"83.5%"
30,109,"85.9%"
30,110,"92.9%"
30,111,"93.1%"
30,112,"84.6%"
31,44,"31.0%"
31,45,"53.2%"
31,51,"52.6%"
31,54,"76.4%"
31,57,"16.1%"
31,60,"69.0%"
31,64,"63.4%"
31,65,"90.2%"
31,66,"67.3%"
31,67,"46.2%"
31,68,"58.4%"
31,69,"64.0%"
31,70,"69.8%"
31,71,"71.4%"
31,72,"43.8%"
31,73,"44.9%"
31,74,"59.3%"
31,75,"40.6%"
31,76,"27.4%"
31,77,"24.9%"
31,78,"17.8%"
31,79,"16.2%"
31,80,"9.4%"
31,81,"13.5%"
31,82,"19.7%"
31,83,"15.4%"
31,84,"14.5%"
31,85,"14.7%"
31,86,"13.0%"
31,87,"11.0%"
31,88,"11.0%"
31,89,"15.8%"
31,90,"14.9%"
31,91,"12.6%"
31,92,"20.3%"
31,93,"21.3%"
31,94,"19.0%"
31,95,"27.3%"
31,96,"32.0%"
31,97,"38.2%"
31,98,"38.0%"
31,99,"45.4%"
31,100,"56.8%"
31,101,"69.0%"
31,102,"65.6%"
31,103,"80.4%"
31,104,"87.5%"
31,105,"82.2%"
31,106,"88.1%"
31,107,"84.7%"
31,108,"93.3%"
31,109,"91.2%"
31,110,"97.0%"
31,111,"84.2%"
31,112,"66.4%"
32,40,"49.2%"
32,42,"78.2%"
32,48,"68.6%"
32,49,"69.0%"
32,52,"30.8%"
32,53,"43.6%"
32,54,"49.2%"
32,55,"37.8%"
32,56,"33.8%"
32,58,"50.2%"
32,59,"40.4%"
32,61,"41.0%"
32,64,"50.2%"
32,65,"40.9%"
32,66,"33.5%"
32,67,"55.5%"
32,68,"60.4%"
32,69,"57.0%"
32,70,"46.7%"
32,71,"52.0%"
32,72,"40.0%"
32,73,"23.3%"
32,74,"35.2%"
32,75,"23.6%"
32,76,"21.3%"
32,77,"19.0%"
32,78,"6.0%"
32,79,"13.2%"
32,80,"8.8%"
32,81,"12.6%"
32,82,"10.7%"
32,83,"12.4%"
32,84,"10.8%"
32,85,"11.6%"
32,86,"7.7%"
32,87,"13.0%"
32,88,"11.9%"
32,89,"10.7%"
32,90,"13.2%"
32,91,"10.3%"
32,92,"10.5%"
32,93,"21.0%"
32,94,"22.4%"
32,95,"22.2%"
32,96,"21.6%"
32,97,"35.9%"
32,98,"36.6%"
32,99,"42.9%"
32,100,"56.2%"
32,101,"55.6%"
32,102,"66.9%"
32,103,"74.3%"
32,104,"86.4%"
32,105,"75.9%"
32,106,"83.8%"
32,107,"91.2%"
32,108,"86.6%"
32,109,"95.6%"
32,111,"96.8%"
32,112,"85.9%"
33,40,"40.0%"
33,44,"30.5%"
33,52,"21.2%"
33,57,"24.0%"
33,58,"44.8%"
33,60,"38.6%"
33,61,"58.4%"
33,62,"45.3%"
33,63,"51.2%"
33,64,"36.0%"
33,66,"33.1%"
33,67,"43.0%"
33,68,"40.8%"
33,69,"45.2%"
33,70,"39.0%"
33,71,"31.5%"
33,72,"24.2%"
33,73,"23.8%"
33,74,"29.8%"
33,75,"17.7%"
33,76,"15.3%"
33,77,"13.7%"
33,78,"13.7%"
33,79,"9.8%"
33,80,"9.0%"
33,81,"11.3%"
33,82,"11.7%"
33,83,"14.1%"
33,84,"14.7%"
33,85,"12.2%"
33,86,"8.7%"
33,87,"11.0%"
33,88,"14.6%"
33,89,"8.3%"
33,90,"12.7%"
33,91,"15.2%"
33,92,"13.5%"
33,93,"17.4%"
33,94,"17.7%"
33,95,"23.6%"
33,96,"25.5%"
33,97,"30.2%"
33,98,"31.2%"
33,99,"40.4%"
33,100,"47.7%"
33,101,"53.5%"
33,102,"62.8%"
33,103,"70.9%"
33,104,"79.1%"
33,105,"75.5%"
33,106,"79.5%"
33,107,"88.6%"
33,108,"88.2%"
33,109,"81.4%"
33,110,"94.8%"
34,47,"18.4%"
34,51,"37.0%"
34,56,"20.8%"
34,57,"43.0%"
34,59,"19.4%"
34,60,"33.7%"
34,62,"69.6%"
34,63,"42.9%"
34,64,"55.1%"
34,65,"39.2%"
34,66,"49.7%"
34,67,"34.9%"
34,68,"43.3%"
34,69,"46.1%"
34,70,"50.1%"
34,71,"41.1%"
34,72,"37.2%"
34,73,"33.3%"
34,74,"36.4%"
34,75,"22.8%"
34,76,"15.5%"
34,77,"13.7%"
34,78,"10.8%"
34,79,"13.5%"
34,80,"12.5%"
34,81,"8.9%"
34,82,"6.7%"
34,83,"9.5%"
34,84,"9.3%"
34,85,"6.0%"
34,86,"6.9%"
34,87,"10.0%"
34,88,"10.0%"
34,89,"8.4%"
34,90,"11.4%"
34,91,"9.6%"
34,92,"10.8%"
34,93,"15.5%"
34,94,"19.3%"
34,95,"19.0%"
34,96,"22.4%"
34,97,"23.8%"
34,98,"27.1%"
34,99,"41.1%"
34,100,"53.4%"
34,101,"49.7%"
34,102,"52.8%"
34,103,"51.6%"
34,104,"69.4%"
34,105,"71.1%"
34,106,"81.8%"
34,107,"56.2%"
34,108,"78.7%"
34,111,"75.4%"
35,53,"14.2%"
35,57,"45.4%"
35,60,"40.6%"
35,62,"23.3%"
35,63,"40.4%"
35,64,"43.5%"
35,65,"61.2%"
35,66,"61.6%"
35,67,"50.6%"
35,68,"52.6%"
35,69,"83.0%"
35,70,"43.7%"
35,71,"43.7%"
35,72,"22.7%"
35,73,"23.9%"
35,74,"30.7%"
35,75,"14.0%"
35,76,"12.4%"
35,77,"5.8%"
35,78,"6.8%"
35,79,"5.3%"
35,80,"2.9%"
35,81,"7.4%"
35,82,"5.5%"
35,83,"8.6%"
35,84,"5.0%"
35,85,"5.9%"
35,86,"5.3%"
35,87,"5.3%"
35,88,"6.1%"
35,89,"6.9%"
35,90,"5.3%"
35,91,"8.4%"
35,92,"10.1%"
35,93,"11.9%"
35,94,"18.7%"
35,95,"16.5%"
35,96,"14.4%"
35,97,"17.0%"
35,98,"19.8%"
35,99,"28.7%"
35,100,"37.6%"
35,101,"54.3%"
35,102,"46.9%"
35,103,"59.3%"
35,104,"68.5%"
35,105,"66.5%"
35,106,"63.5%"
35,107,"73.2%"
35,108,"77.4%"
35,109,"77.2%"
35,110,"81.8%"
36,40,"38.0%"
36,45,"64.0%"
36,47,"54.6%"
36,48,"35.6%"
36,50,"39.8%"
36,52,"46.4%"
36,53,"34.2%"
36,55,"59.4%"
36,56,"50.2%"
36,57,"40.6%"
36,58,"41.2%"
36,59,"24.4%"
36,60,"51.1%"
36,61,"45.4%"
36,63,"48.7%"
36,64,"59.0%"
36,65,"59.9%"
36,66,"61.9%"
36,67,"33.6%"
36,68,"53.9%"
36,69,"64.4%"
36,70,"35.7%"
36,71,"33.4%"
36,72,"31.0%"
36,73,"16.9%"
36,74,"19.0%"
36,75,"9.2%"
36,76,"7.8%"
36,77,"8.3%"
36,78,"9.8%"
36,79,"6.0%"
36,80,"6.7%"
36,81,"5.9%"
36,82,"5.2%"
36,83,"3.8%"
36,84,"4.8%"
36,85,"4.8%"
36,86,"7.2%"
36,87,"8.1%"
36,88,"8.0%"
36,89,"7.7%"
36,90,"7.4%"
36,91,"9.1%"
36,92,"7.1%"
36,93,"9.0%"
36,94,"13.1%"
36,95,"20.2%"
36,96,"13.3%"
36,97,"15.5%"
36,98,"17.2%"
36,99,"27.4%"
36,100,"36.2%"
36,101,"47.6%"
36,102,"50.7%"
36,103,"61.5%"
36,104,"76.3%"
36,105,"74.2%"
36,106,"60.8%"
36,107,"68.1%"
36,108,"70.2%"
36,109,"78.4%"
36,110,"72.2%"
36,111,"87.2%"
37,48,"35.8%"
37,49,"36.5%"
37,53,"32.6%"
37,54,"64.2%"
37,55,"40.6%"
37,56,"44.4%"
37,57,"28.4%"
37,59,"44.6%"
37,61,"28.3%"
37,62,"54.3%"
37,64,"10.0%"
37,65,"44.0%"
37,66,"16.4%"
37,67,"36.6%"
37,68,"26.8%"
37,69,"36.8%"
37,70,"29.7%"
37,71,"38.7%"
37,72,"12.3%"
37,73,"9.5%"
37,74,"27.3%"
37,75,"11.5%"
37,76,"6.0%"
37,77,"5.0%"
37,78,"6.3%"
37,79,"4.8%"
37,80,"3.2%"
37,81,"8.9%"
37,82,"2.6%"
37,83,"3.4%"
37,84,"5.6%"
37,85,"4.1%"
37,86,"2.0%"
37,87,"4.4%"
37,88,"5.1%"
37,89,"2.2%"
37,90,"5.6%"
37,91,"3.8%"
37,92,"5.4%"
37,93,"5.7%"
37,94,"4.8%"
37,95,"8.8%"
37,96,"8.2%"
37,97,"8.8%"
37,98,"11.8%"
37,99,"18.3%"
37,100,"27.8%"
37,101,"39.9%"
37,102,"37.7%"
37,103,"47.7%"
37,104,"62.3%"
37,105,"56.3%"
37,106,"60.8%"
37,107,"66.5%"
37,109,"78.6%"
37,111,"72.4%"
38,45,"62.8%"
38,50,"6.4%"
38,53,"26.4%"
38,56,"56.0%"
38,58,"14.6%"
38,62,"33.4%"
38,63,"32.6%"
38,64,"42.9%"
38,65,"19.6%"
38,66,"43.6%"
38,67,"41.2%"
38,68,"30.6%"
38,70,"49.3%"
38,71,"19.1%"
38,72,"41.5%"
38,73,"22.3%"
38,74,"19.1%"
38,75,"5.6%"
38,76,"11.0%"
38,77,"4.5%"
38,78,"8.3%"
38,79,"2.2%"
38,80,"4.9%"
38,81,"2.3%"
38,82,"2.7%"
38,83,"4.3%"
38,84,"6.3%"
38,85,"2.1%"
38,86,"1.8%"
38,87,"3.6%"
38,88,"2.9%"
38,89,"1.7%"
38,90,"2.1%"
38,91,"3.1%"
38,92,"5.7%"
38,93,"3.6%"
38,94,"8.3%"
38,95,"6.7%"
38,96,"6.4%"
38,97,"9.6%"
38,98,"9.8%"
38,99,"20.2%"
38,100,"24.7%"
38,101,"28.9%"
38,102,"35.6%"
38,103,"29.8%"
38,104,"63.8%"
38,105,"64.9%"
38,106,"60.4%"
38,107,"64.6%"
38,110,"88.4%"
39,52,"39.6%"
39,54,"32.0%"
39,56,"40.3%"
39,59,"49.1%"
39,61,"40.5%"
39,62,"30.4%"
39,63,"32.8%"
39,64,"44.0%"
39,65,"22.4%"
39,67,"22.6%"
39,68,"42.6%"
39,69,"37.1%"
39,70,"31.6%"
39,71,"68.6%"
39,73,"17.5%"
39,74,"14.7%"
39,75,"6.6%"
39,76,"6.6%"
39,77,"5.6%"
39,78,"5.5%"
39,79,"13.2%"
39,80,"1.9%"
39,81,"2.4%"
39,82,"3.7%"
39,83,"4.0%"
39,84,"3.7%"
39,85,"2.5%"
39,86,"4.0%"
39,87,"3.5%"
39,88,"3.2%"
39,89,"1.4%"
39,90,"3.0%"
39,91,"4.0%"
39,92,"3.1%"
39,93,"6.8%"
39,94,"6.0%"
39,95,"9.0%"
39,96,"8.6%"
39,97,"6.7%"
39,98,"9.3%"
39,99,"18.8%"
39,100,"21.7%"
39,101,"33.9%"
39,102,"37.7%"
39,103,"35.1%"
39,104,"53.1%"
39,105,"61.1%"
39,106,"53.0%"
39,107,"52.8%"
39,109,"40.3%"
40,37,"60.6%"
40,48,"39.4%"
40,53,"9.2%"
40,58,"56.4%"
40,59,"37.0%"
40,61,"27.6%"
40,62,"55.6%"
40,63,"58.3%"
40,64,"32.0%"
40,65,"57.6%"
40,66,"60.2%"
40,67,"16.4%"
40,68,"60.0%"
40,69,"18.5%"
40,70,"46.3%"
40,71,"24.2%"
40,72,"28.5%"
40,73,"28.5%"
40,74,"18.3%"
40,75,"7.7%"
40,76,"11.3%"
40,77,"3.1%"
40,78,"1.6%"
40,79,"4.3%"
40,80,"3.3%"
40,81,"2.3%"
40,82,"2.0%"
40,83,"5.2%"
40,84,"2.7%"
40,85,"2.8%"
40,86,"4.8%"
40,87,"2.6%"
40,88,"5.6%"
40,89,"3.4%"
40,90,"4.0%"
40,91,"2.4%"
40,92,"6.5%"
40,93,"3.7%"
40,94,"8.3%"
40,95,"9.5%"
40,96,"7.6%"
40,97,"7.7%"
40,98,"11.4%"
40,99,"15.8%"
40,100,"26.8%"
40,101,"28.5%"
40,102,"26.2%"
40,103,"31.1%"
40,104,"33.0%"
40,105,"69.9%"
40,106,"51.1%"
40,107,"53.4%"
40,109,"60.8%"
41,46,"27.0%"
41,48,"21.1%"
41,51,"40.0%"
41,54,"43.6%"
41,55,"30.6%"
41,56,"22.8%"
41,57,"38.0%"
41,58,"60.8%"
41,59,"38.8%"
41,60,"30.2%"
41,61,"58.8%"
41,62,"43.9%"
41,63,"41.3%"
41,64,"54.8%"
41,65,"54.7%"
41,66,"35.0%"
41,67,"37.1%"
41,68,"50.5%"
41,69,"48.8%"
41,70,"48.9%"
41,71,"27.6%"
41,72,"33.6%"
41,73,"19.7%"
41,74,"9.0%"
41,75,"8.0%"
41,76,"0.6%"
41,77,"6.9%"
41,78,"8.3%"
41,79,"4.5%"
41,80,"12.0%"
41,81,"2.4%"
41,82,"4.7%"
41,83,"5.4%"
41,84,"3.4%"
41,85,"5.7%"
41,86,"3.1%"
41,87,"3.0%"
41,88,"4.6%"
41,89,"4.6%"
41,90,"2.3%"
41,91,"2.8%"
41,92,"4.6%"
41,93,"8.4%"
41,94,"6.5%"
41,95,"7.3%"
41,96,"11.8%"
41,97,"14.1%"
41,98,"15.0%"
41,99,"15.8%"
41,100,"25.6%"
41,101,"24.1%"
41,102,"19.5%"
41,103,"28.0%"
41,104,"31.7%"
41,105,"28.0%"
41,106,"42.6%"
41,107,"62.4%"
41,109,"94.6%"
42,43,"58.0%"
42,45,"28.3%"
42,51,"34.3%"
42,55,"10.0%"
42,56,"14.6%"
42,57,"12.2%"
42,58,"42.2%"
42,59,"50.7%"
42,62,"21.3%"
42,63,"52.1%"
42,65,"34.9%"
42,66,"39.6%"
42,67,"38.9%"
42,69,"46.4%"
42,70,"53.6%"
42,71,"30.5%"
42,72,"19.7%"
42,73,"20.3%"
42,74,"15.0%"
42,75,"10.1%"
42,76,"3.3%"
42,77,"8.0%"
42,78,"1.4%"
42,79,"4.7%"
42,80,"0.3%"
42,81,"4.2%"
42,82,"2.5%"
42,83,"6.9%"
42,84,"8.1%"
42,85,"3.9%"
42,86,"3.1%"
42,87,"4.8%"
42,88,"4.0%"
42,89,"3.2%"
42,90,"3.6%"
42,91,"5.5%"
42,92,"6.3%"
42,93,"3.4%"
42,94,"6.1%"
42,95,"3.1%"
42,96,"11.0%"
42,97,"9.6%"
42,98,"15.7%"
42,99,"23.9%"
42,100,"22.2%"
42,101,"22.7%"
42,102,"22.3%"
42,103,"31.1%"
42,104,"50.6%"
42,105,"50.6%"
42,106,"70.0%"
43,45,"21.2%"
43,55,"8.8%"
43,56,"63.9%"
43,58,"34.6%"
43,59,"25.0%"
43,61,"36.4%"
43,62,"25.9%"
43,63,"27.9%"
43,65,"41.3%"
43,66,"35.1%"
43,67,"28.3%"
43,68,"40.2%"
43,69,"23.6%"
43,70,"38.9%"
43,71,"28.0%"
43,72,"14.6%"
43,73,"20.0%"
43,74,"6.8%"
43,75,"5.6%"
43,76,"7.1%"
43,77,"6.2%"
43,78,"6.2%"
43,79,"8.0%"
43,80,"2.5%"
43,81,"1.0%"
43,82,"3.1%"
43,83,"1.8%"
43,84,"3.5%"
43,85,"4.7%"
43,86,"5.4%"
43,87,"3.9%"
43,88,"3.0%"
43,89,"3.8%"
43,90,"7.8%"
43,91,"4.0%"
43,92,"3.7%"
43,93,"3.1%"
43,94,"8.6%"
43,95,"3.8%"
43,96,"6.5%"
43,97,"8.1%"
43,98,"19.6%"
43,99,"12.7%"
43,100,"14.8%"
43,101,"22.2%"
43,102,"12.0%"
43,103,"28.2%"
43,105,"50.8%"
43,106,"17.2%"
44,36,"26.0%"
44,44,"23.2%"
44,54,"39.6%"
44,56,"22.2%"
44,59,"32.4%"
44,60,"21.6%"
44,61,"30.0%"
44,62,"29.8%"
44,63,"36.4%"
44,64,"53.2%"
44,65,"54.2%"
44,66,"41.2%"
44,67,"32.6%"
44,68,"33.2%"
44,69,"22.2%"
44,71,"21.0%"
44,72,"16.0%"
44,73,"14.8%"
44,74,"16.8%"
44,75,"6.3%"
44,76,"7.8%"
44,77,"6.4%"
44,78,"6.2%"
44,79,"1.5%"
44,80,"9.6%"
44,81,"1.0%"
44,82,"4.3%"
44,83,"3.4%"
44,84,"12.7%"
44,85,"3.0%"
44,86,"4.9%"
44,87,"3.2%"
44,88,"5.4%"
44,89,"2.4%"
44,90,"2.5%"
44,91,"7.4%"
44,92,"3.4%"
44,93,"10.2%"
44,94,"7.1%"
44,95,"6.6%"
44,96,"5.4%"
44,97,"9.4%"
44,98,"12.1%"
44,99,"12.8%"
44,100,"17.6%"
44,101,"12.8%"
44,102,"24.7%"
44,103,"15.0%"
44,104,"55.5%"
44,109,"35.4%"
45,45,"23.0%"
45,46,"17.8%"
45,49,"44.0%"
45,51,"20.2%"
45,53,"43.0%"
45,57,"20.6%"
45,58,"42.0%"
45,59,"20.0%"
45,60,"7.2%"
45,61,"20.2%"
45,62,"20.4%"
45,63,"42.4%"
45,64,"33.8%"
45,65,"23.2%"
45,66,"30.3%"
45,67,"23.2%"
45,68,"32.6%"
45,69,"31.5%"
45,70,"36.0%"
45,71,"27.5%"
45,72,"11.9%"
45,74,"13.1%"
45,75,"3.0%"
45,76,"2.9%"
45,77,"5.5%"
45,78,"9.2%"
45,79,"1.9%"
45,80,"7.4%"
45,81,"6.1%"
45,82,"3.9%"
45,83,"1.7%"
45,84,"3.2%"
45,85,"4.6%"
45,86,"7.6%"
45,87,"1.9%"
45,88,"3.8%"
45,89,"9.0%"
45,90,"2.7%"
45,91,"3.8%"
45,92,"4.6%"
45,93,"3.8%"
45,94,"5.4%"
45,95,"3.2%"
45,96,"5.9%"
45,97,"8.7%"
45,98,"9.2%"
45,99,"16.0%"
45,100,"11.6%"
45,101,"16.8%"
45,102,"18.1%"
45,103,"38.2%"
45,104,"27.4%"
45,105,"38.6%"
46,48,"9.6%"
46,52,"45.6%"
46,53,"12.0%"
46,57,"28.8%"
46,59,"16.5%"
46,60,"3.4%"
46,61,"21.2%"
46,63,"12.4%"
46,64,"17.0%"
46,65,"28.6%"
46,66,"21.5%"
46,67,"22.6%"
46,69,"13.3%"
46,70,"12.2%"
46,71,"23.9%"
46,72,"7.8%"
46,74,"4.1%"
46,75,"9.2%"
46,76,"12.2%"
46,77,"1.8%"
46,78,"4.6%"
46,79,"3.4%"
46,80,"2.3%"
46,81,"0.7%"
46,82,"2.2%"
46,83,"3.0%"
46,84,"2.2%"
46,85,"1.5%"
46,86,"1.5%"
46,87,"1.7%"
46,88,"2.5%"
46,89,"3.4%"
46,90,"7.7%"
46,91,"2.3%"
46,92,"2.3%"
46,93,"6.2%"
46,94,"8.8%"
46,95,"5.4%"
46,96,"5.6%"
46,97,"6.2%"
46,98,"12.0%"
46,99,"12.8%"
46,100,"16.5%"
46,101,"18.0%"
46,102,"13.9%"
46,103,"30.0%"
46,107,"54.0%"
47,45,"46.6%"
47,48,"15.4%"
47,49,"18.8%"
47,58,"31.4%"
47,61,"26.0%"
47,62,"20.2%"
47,63,"21.3%"
47,64,"17.8%"
47,65,"40.9%"
47,66,"3.6%"
47,69,"14.0%"
47,70,"26.4%"
47,71,"5.8%"
47,72,"21.4%"
47,73,"9.4%"
47,74,"14.9%"
47,75,"9.9%"
47,76,"3.6%"
47,77,"6.4%"
47,78,"4.6%"
47,80,"3.0%"
47,81,"10.3%"
47,82,"2.3%"
47,83,"2.1%"
47,84,"4.1%"
47,85,"5.9%"
47,86,"1.9%"
47,87,"1.8%"
47,88,"1.4%"
47,89,"3.0%"
47,90,"10.3%"
47,91,"1.8%"
47,92,"2.5%"
47,93,"5.3%"
47,94,"5.1%"
47,95,"5.9%"
47,96,"7.9%"
47,97,"9.4%"
47,98,"7.0%"
47,99,"9.3%"
47,100,"19.6%"
47,101,"20.1%"
47,102,"24.0%"
47,105,"50.4%"
48,44,"15.6%"
48,46,"25.2%"
48,49,"16.8%"
48,51,"7.4%"
48,55,"10.8%"
48,56,"44.2%"
48,58,"20.6%"
48,59,"12.0%"
48,60,"18.9%"
48,61,"8.4%"
48,62,"32.8%"
48,63,"19.5%"
48,64,"40.2%"
48,65,"27.4%"
48,66,"12.1%"
48,67,"13.2%"
48,69,"23.7%"
48,70,"20.0%"
48,71,"8.9%"
48,72,"15.4%"
48,73,"4.8%"
48,74,"11.2%"
48,75,"1.2%"
48,76,"5.3%"
48,77,"2.2%"
48,78,"1.1%"
48,79,"2.8%"
48,80,"2.6%"
48,81,"3.0%"
48,82,"2.7%"
48,83,"4.1%"
48,84,"2.5%"
48,85,"1.6%"
48,86,"2.7%"
48,87,"0.8%"
48,88,"4.5%"
48,89,"1.9%"
48,90,"2.0%"
48,91,"4.3%"
48,92,"5.3%"
48,93,"5.4%"
48,94,"6.5%"
48,95,"5.3%"
48,96,"8.3%"
48,97,"13.3%"
48,98,"8.0%"
48,99,"17.0%"
48,100,"12.7%"
48,101,"15.3%"
48,103,"28.6%"
48,104,"23.0%"
48,106,"36.4%"
49,44,"41.4%"
49,51,"23.6%"
49,52,"23.4%"
49,55,"12.6%"
49,56,"8.8%"
49,57,"17.6%"
49,59,"4.8%"
49,60,"74.8%"
49,61,"29.0%"
49,62,"12.8%"
49,64,"15.7%"
49,65,"12.4%"
49,66,"18.0%"
49,68,"28.1%"
49,69,"36.0%"
49,70,"29.0%"
49,71,"26.8%"
49,72,"12.5%"
49,73,"6.7%"
49,74,"27.2%"
49,75,"6.1%"
49,76,"7.4%"
49,77,"2.5%"
49,78,"8.2%"
49,79,"5.9%"
49,80,"3.7%"
49,81,"2.7%"
49,82,"2.4%"
49,83,"3.2%"
49,84,"3.8%"
49,85,"1.5%"
49,86,"2.8%"
49,87,"1.7%"
49,88,"8.0%"
49,89,"3.8%"
49,90,"3.7%"
49,91,"5.8%"
49,92,"3.9%"
49,93,"3.8%"
49,94,"16.0%"
49,95,"5.6%"
49,96,"13.4%"
49,97,"8.9%"
49,98,"8.6%"
49,99,"16.2%"
49,100,"17.0%"
49,101,"25.2%"
49,104,"34.7%"
49,105,"16.2%"
49,107,"61.4%"
50,46,"25.0%"
50,49,"15.8%"
50,54,"23.4%"
50,56,"21.6%"
50,58,"18.6%"
50,59,"11.4%"
50,66,"28.4%"
50,67,"16.0%"
50,68,"33.2%"
50,69,"13.0%"
50,70,"11.6%"
50,71,"12.9%"
50,72,"11.5%"
50,73,"8.0%"
50,74,"17.2%"
50,75,"8.8%"
50,76,"2.4%"
50,77,"2.6%"
50,78,"2.4%"
50,79,"3.1%"
50,80,"2.3%"
50,81,"3.9%"
50,82,"2.8%"
50,83,"1.8%"
50,84,"2.9%"
50,85,"5.6%"
50,86,"5.4%"
50,87,"3.4%"
50,88,"6.8%"
50,89,"8.8%"
50,90,"3.3%"
50,91,"1.5%"
50,92,"4.8%"
50,93,"4.4%"
50,94,"6.9%"
50,95,"8.8%"
50,96,"6.7%"
50,97,"11.8%"
50,98,"12.1%"
50,99,"12.8%"
50,100,"15.4%"
50,101,"9.3%"
50,102,"26.4%"
50,103,"15.9%"
50,104,"39.8%"
51,45,"22.4%"
51,47,"6.8%"
51,52,"16.8%"
51,55,"11.0%"
51,61,"10.0%"
51,63,"23.7%"
51,64,"17.0%"
51,66,"15.7%"
51,67,"23.1%"
51,69,"30.3%"
51,70,"46.7%"
51,71,"35.0%"
51,72,"29.5%"
51,73,"15.4%"
51,74,"12.3%"
51,75,"3.0%"
51,76,"7.6%"
51,77,"2.1%"
51,78,"2.9%"
51,79,"5.8%"
51,80,"9.7%"
51,81,"1.6%"
51,83,"3.0%"
51,84,"2.6%"
51,85,"4.9%"
51,86,"1.9%"
51,87,"2.8%"
51,88,"1.7%"
51,89,"8.9%"
51,90,"3.2%"
51,91,"1.3%"
51,92,"3.1%"
51,93,"3.2%"
51,94,"6.4%"
51,95,"0.6%"
51,96,"7.2%"
51,97,"14.3%"
51,98,"25.5%"
51,99,"17.5%"
51,100,"16.9%"
51,101,"23.2%"
51,106,"53.8%"
52,44,"32.2%"
52,58,"17.6%"
52,59,"12.4%"
52,64,"7.6%"
52,65,"22.0%"
52,66,"18.2%"
52,67,"17.6%"
52,68,"15.6%"
52,69,"21.7%"
52,71,"12.8%"
52,72,"11.1%"
52,73,"7.4%"
52,74,"15.5%"
52,75,"2.8%"
52,76,"3.8%"
52,77,"5.0%"
52,78,"2.4%"
52,79,"0.6%"
52,80,"5.0%"
52,81,"2.2%"
52,82,"0.6%"
52,83,"1.6%"
52,84,"4.4%"
52,85,"5.1%"
52,86,"1.4%"
52,87,"3.6%"
52,88,"2.5%"
52,89,"5.4%"
52,90,"1.2%"
52,91,"1.7%"
52,92,"0.8%"
52,93,"6.1%"
52,94,"2.1%"
52,95,"1.8%"
52,96,"7.4%"
52,97,"6.7%"
52,98,"6.7%"
52,99,"16.8%"
52,100,"10.5%"
52,101,"15.0%"
52,102,"30.3%"
52,103,"8.6%"
52,107,"51.6%"
53,43,"14.4%"
53,45,"39.4%"
53,51,"9.6%"
53,53,"12.8%"
53,58,"16.2%"
53,60,"25.2%"
53,66,"9.8%"
53,67,"13.9%"
53,68,"32.4%"
53,69,"26.4%"
53,70,"22.3%"
53,71,"10.7%"
53,73,"8.6%"
53,74,"2.4%"
53,75,"6.0%"
53,76,"4.1%"
53,77,"4.0%"
53,78,"2.2%"
53,79,"2.3%"
53,80,"4.8%"
53,81,"2.4%"
53,82,"1.8%"
53,83,"2.8%"
53,84,"0.8%"
53,85,"2.2%"
53,86,"0.6%"
53,87,"1.3%"
53,88,"2.5%"
53,89,"2.2%"
53,90,"4.8%"
53,91,"0.8%"
53,92,"4.2%"
53,93,"6.3%"
53,94,"8.2%"
53,95,"8.0%"
53,96,"2.6%"
53,97,"6.4%"
53,98,"14.0%"
53,99,"12.4%"
54,55,"18.0%"
54,56,"8.2%"
54,58,"16.4%"
54,59,"19.8%"
54,62,"7.8%"
54,63,"10.9%"
54,64,"9.2%"
54,65,"22.0%"
54,66,"22.8%"
54,67,"30.5%"
54,68,"15.2%"
54,69,"15.8%"
54,70,"20.6%"
54,72,"7.9%"
54,73,"9.6%"
54,74,"9.7%"
54,75,"4.6%"
54,76,"3.2%"
54,77,"1.1%"
54,78,"2.0%"
54,79,"1.1%"
54,80,"3.0%"
54,81,"2.4%"
54,82,"1.1%"
54,83,"1.7%"
54,84,"1.3%"
54,85,"2.1%"
54,86,"5.1%"
54,87,"1.0%"
54,88,"4.7%"
54,89,"1.4%"
54,90,"5.9%"
54,91,"2.4%"
54,92,"4.1%"
54,93,"2.1%"
54,94,"4.4%"
54,95,"10.7%"
54,96,"5.4%"
54,97,"6.1%"
54,98,"11.9%"
54,99,"7.8%"
54,100,"20.4%"
54,101,"17.3%"
55,52,"17.6%"
55,53,"18.8%"
55,55,"15.4%"
55,56,"6.2%"
55,58,"6.6%"
55,61,"4.2%"
55,62,"5.1%"
55,64,"26.4%"
55,65,"11.0%"
55,66,"18.5%"
55,67,"11.6%"
55,68,"12.0%"
55,69,"18.2%"
55,70,"20.9%"
55,71,"18.7%"
55,72,"21.8%"
55,73,"11.9%"
55,74,"7.5%"
55,75,"4.6%"
55,76,"8.7%"
55,77,"2.8%"
55,78,"4.9%"
55,79,"1.9%"
55,80,"4.2%"
55,81,"2.4%"
55,82,"0.9%"
55,83,"1.4%"
55,84,"3.7%"
55,85,"3.1%"
55,86,"1.1%"
55,87,"1.1%"
55,88,"2.0%"
55,89,"3.5%"
55,90,"1.8%"
55,91,"2.6%"
55,92,"1.8%"
55,93,"4.4%"
55,94,"5.1%"
55,95,"7.8%"
55,96,"3.7%"
55,97,"20.6%"
55,98,"8.5%"
55,99,"10.3%"
55,101,"8.0%"
55,103,"18.8%"
55,107,"55.8%"
56,50,"18.6%"
56,59,"14.2%"
56,61,"12.2%"
56,64,"30.8%"
56,66,"25.6%"
56,68,"45.4%"
56,69,"16.5%"
56,70,"14.8%"
56,71,"33.8%"
56,72,"18.6%"
56,73,"5.8%"
56,74,"18.6%"
56,76,"9.8%"
56,77,"6.1%"
56,78,"3.1%"
56,79,"2.8%"
56,80,"6.6%"
56,81,"5.0%"
56,82,"1.0%"
56,83,"2.9%"
56,84,"2.8%"
56,85,"4.9%"
56,86,"1.8%"
56,87,"4.0%"
56,88,"3.2%"
56,89,"4.2%"
56,90,"0.4%"
56,91,"4.7%"
56,92,"3.3%"
56,93,"4.7%"
56,94,"7.2%"
56,95,"7.6%"
56,96,"5.1%"
56,97,"9.1%"
56,98,"7.4%"
56,100,"20.2%"
57,37,"4.2%"
57,45,"14.8%"
57,55,"11.2%"
57,59,"33.6%"
57,60,"25.0%"
57,61,"22.0%"
57,62,"27.4%"
57,63,"16.5%"
57,65,"15.0%"
57,66,"16.8%"
57,67,"12.0%"
57,68,"51.8%"
57,69,"21.0%"
57,71,"27.0%"
57,72,"13.0%"
57,73,"12.4%"
57,74,"27.6%"
57,76,"17.2%"
57,77,"5.6%"
57,78,"5.0%"
57,79,"0.8%"
57,80,"2.3%"
57,81,"2.2%"
57,82,"1.0%"
57,83,"1.7%"
57,84,"3.8%"
57,85,"3.2%"
57,86,"0.9%"
57,87,"4.2%"
57,88,"2.2%"
57,89,"1.4%"
57,90,"2.0%"
57,91,"1.3%"
57,92,"4.3%"
57,93,"7.8%"
57,94,"1.6%"
57,95,"3.8%"
57,96,"9.4%"
57,97,"6.1%"
57,98,"5.2%"
57,100,"9.2%"
57,101,"13.2%"
57,102,"17.5%"
57,103,"22.2%"
57,104,"44.6%"
58,46,"20.4%"
58,54,"12.8%"
58,56,"7.6%"
58,57,"32.4%"
58,60,"24.4%"
58,61,"22.3%"
58,62,"26.1%"
58,63,"25.0%"
58,64,"10.6%"
58,65,"8.2%"
58,66,"29.2%"
58,67,"33.4%"
58,69,"21.7%"
58,70,"24.4%"
58,71,"10.3%"
58,72,"24.8%"
58,73,"6.2%"
58,74,"16.7%"
58,75,"8.3%"
58,76,"16.9%"
58,77,"18.0%"
58,78,"0.4%"
58,79,"4.4%"
58,80,"2.0%"
58,81,"6.1%"
58,82,"2.5%"
58,83,"2.7%"
58,84,"1.7%"
58,85,"1.2%"
58,86,"3.9%"
58,87,"5.6%"
58,88,"2.7%"
58,89,"0.2%"
58,90,"3.8%"
58,91,"2.8%"
58,92,"1.8%"
58,93,"5.6%"
58,94,"4.2%"
58,95,"5.9%"
58,96,"13.8%"
58,97,"5.2%"
58,98,"3.6%"
58,99,"13.9%"
58,102,"28.2%"
59,46,"25.0%"
59,52,"12.0%"
59,53,"18.8%"
59,55,"3.8%"
59,56,"10.4%"
59,60,"41.8%"
59,62,"29.6%"
59,66,"19.4%"
59,68,"19.4%"
59,69,"8.0%"
59,70,"21.8%"
59,71,"17.9%"
59,72,"8.2%"
59,73,"11.8%"
59,74,"9.9%"
59,75,"1.6%"
59,76,"13.8%"
59,77,"3.2%"
59,78,"3.5%"
59,79,"2.4%"
59,80,"0.1%"
59,81,"1.9%"
59,82,"3.0%"
59,83,"4.3%"
59,84,"1.4%"
59,85,"2.7%"
59,86,"5.1%"
59,87,"1.9%"
59,88,"1.7%"
59,89,"0.9%"
59,90,"1.0%"
59,91,"5.7%"
59,92,"3.1%"
59,93,"7.9%"
59,94,"3.8%"
59,95,"10.6%"
59,96,"1.2%"
59,97,"4.4%"
60,46,"4.0%"
60,51,"18.0%"
60,52,"60.4%"
60,55,"9.0%"
60,56,"11.2%"
60,57,"14.2%"
60,58,"24.4%"
60,60,"25.5%"
60,62,"34.4%"
60,63,"11.1%"
60,64,"26.6%"
60,65,"40.4%"
60,66,"24.0%"
60,67,"14.5%"
60,68,"8.7%"
60,69,"50.0%"
60,70,"25.0%"
60,71,"19.2%"
60,72,"7.2%"
60,73,"10.7%"
60,74,"10.0%"
60,75,"13.6%"
60,76,"14.0%"
60,77,"3.9%"
60,78,"2.0%"
60,79,"4.1%"
60,80,"1.0%"
60,81,"0.7%"
60,82,"7.7%"
60,83,"2.7%"
60,84,"3.0%"
60,85,"5.5%"
60,86,"1.6%"
60,87,"7.7%"
60,88,"3.0%"
60,89,"2.4%"
60,90,"0.6%"
60,91,"7.2%"
60,92,"4.8%"
60,93,"4.6%"
60,94,"3.3%"
60,95,"9.5%"
60,96,"9.0%"
60,97,"4.1%"
60,98,"5.6%"
60,99,"16.8%"
60,100,"6.6%"
60,101,"3.8%"
60,102,"16.2%"
61,53,"16.0%"
61,57,"5.0%"
61,61,"21.4%"
61,62,"4.8%"
61,64,"8.4%"
61,65,"26.2%"
61,67,"11.7%"
61,68,"6.8%"
61,69,"21.8%"
61,71,"17.0%"
61,73,"3.7%"
61,74,"6.2%"
61,75,"4.0%"
61,76,"7.4%"
61,78,"2.6%"
61,79,"2.0%"
61,80,"0.7%"
61,81,"5.6%"
61,82,"4.2%"
61,83,"1.8%"
61,84,"2.2%"
61,85,"2.6%"
61,86,"1.6%"
61,87,"2.0%"
61,88,"2.7%"
61,89,"1.0%"
61,90,"3.6%"
61,91,"1.1%"
61,92,"3.1%"
61,93,"5.6%"
61,94,"3.2%"
61,96,"3.4%"
61,97,"2.0%"
61,98,"6.4%"
61,99,"20.4%"
62,53,"6.4%"
62,55,"11.4%"
62,58,"19.5%"
62,64,"17.1%"
62,65,"18.3%"
62,70,"27.4%"
62,71,"9.8%"
62,72,"14.2%"
62,73,"4.4%"
62,74,"8.0%"
62,75,"3.8%"
62,76,"5.9%"
62,78,"2.8%"
62,79,"2.6%"
62,80,"1.4%"
62,81,"2.9%"
62,82,"2.7%"
62,83,"3.1%"
62,84,"2.5%"
62,85,"3.4%"
62,86,"1.8%"
62,87,"1.8%"
62,88,"1.6%"
62,89,"4.4%"
62,90,"1.8%"
62,91,"5.3%"
62,92,"3.8%"
62,93,"5.7%"
62,94,"5.6%"
63,49,"7.8%"
63,58,"6.0%"
63,59,"17.2%"
63,66,"27.7%"
63,67,"8.2%"
63,69,"17.7%"
63,70,"23.0%"
63,71,"24.2%"
63,72,"6.2%"
63,73,"35.4%"
63,74,"5.3%"
63,75,"4.3%"
63,76,"3.5%"
63,77,"9.7%"
63,78,"2.8%"
63,79,"4.9%"
63,80,"2.0%"
63,81,"2.4%"
63,82,"4.5%"
63,83,"4.2%"
63,84,"7.2%"
63,85,"1.3%"
63,86,"0.2%"
63,87,"1.7%"
63,88,"0.0%"
63,89,"3.3%"
63,91,"3.7%"
63,92,"3.1%"
63,94,"2.2%"
63,95,"5.8%"
63,98,"13.6%"
64,54,"12.6%"
64,58,"11.0%"
64,59,"31.8%"
64,66,"35.0%"
64,68,"14.2%"
64,70,"16.3%"
64,72,"10.2%"
64,73,"22.7%"
64,74,"14.0%"
64,75,"13.0%"
64,76,"6.2%"
64,78,"4.2%"
64,79,"1.5%"
64,80,"2.6%"
64,81,"1.4%"
64,83,"4.1%"
64,84,"3.2%"
64,85,"10.1%"
64,86,"1.9%"
64,87,"13.4%"
64,88,"1.7%"
64,89,"2.4%"
64,90,"12.8%"
64,91,"2.4%"
64,92,"0.5%"
64,94,"3.1%"
64,95,"2.4%"
64,97,"7.9%"
64,98,"14.8%"
64,99,"8.6%"
65,53,"19.8%"
65,59,"36.0%"
65,63,"11.7%"
65,64,"3.6%"
65,65,"14.5%"
65,67,"20.9%"
65,70,"26.2%"
65,71,"10.1%"
65,72,"17.2%"
65,73,"12.0%"
65,74,"3.9%"
65,75,"7.8%"
65,77,"18.8%"
65,78,"3.9%"
65,79,"1.4%"
65,80,"1.1%"
65,81,"0.0%"
65,82,"2.1%"
65,83,"0.9%"
65,84,"4.6%"
65,85,"1.3%"
65,86,"2.7%"
65,87,"1.9%"
65,88,"1.4%"
65,89,"9.1%"
65,90,"2.8%"
65,91,"1.2%"
65,93,"2.9%"
65,94,"3.6%"
65,95,"4.3%"
65,97,"4.7%"
66,48,"3.6%"
66,52,"14.0%"
66,53,"5.4%"
66,56,"7.0%"
66,64,"3.0%"
66,69,"13.0%"
66,70,"21.5%"
66,71,"7.5%"
66,72,"10.6%"
66,73,"24.0%"
66,74,"14.2%"
66,75,"5.4%"
66,76,"19.9%"
66,77,"5.4%"
66,78,"3.8%"
66,79,"2.8%"
66,80,"0.4%"
66,81,"1.4%"
66,83,"2.1%"
66,84,"2.3%"
66,85,"2.7%"
66,86,"4.1%"
66,87,"0.8%"
66,88,"4.0%"
66,91,"3.2%"
66,92,"3.2%"
66,93,"1.4%"
66,94,"4.9%"
66,95,"4.2%"
66,96,"10.3%"
66,97,"8.6%"
66,98,"2.6%"
67,51,"10.4%"
67,53,"1.4%"
67,61,"13.8%"
67,67,"4.6%"
67,68,"18.5%"
67,71,"6.6%"
67,72,"4.8%"
67,73,"8.2%"
67,74,"18.3%"
67,76,"3.7%"
67,77,"1.6%"
67,78,"3.9%"
67,79,"1.7%"
67,81,"2.5%"
67,82,"5.8%"
67,83,"3.7%"
67,84,"0.2%"
67,85,"0.2%"
67,86,"4.7%"
67,87,"1.1%"
67,88,"10.2%"
67,89,"3.3%"
67,90,"0.6%"
67,91,"4.0%"
67,92,"1.2%"
67,93,"3.6%"
67,95,"8.6%"
67,99,"15.6%"
68,61,"6.0%"
68,64,"10.4%"
68,65,"14.8%"
68,70,"7.2%"
68,72,"6.8%"
68,77,"6.9%"
68,78,"1.8%"
68,79,"0.4%"
68,81,"3.2%"
68,82,"0.6%"
68,83,"0.8%"
68,85,"1.6%"
68,86,"2.0%"
68,87,"0.6%"
68,89,"4.0%"
68,91,"1.3%"
68,97,"10.4%"
68,98,"9.6%"
68,99,"10.4%"
69,66,"4.6%"
69,72,"7.1%"
69,76,"4.7%"
69,77,"2.2%"
69,78,"1.5%"
69,79,"1.8%"
69,81,"1.8%"
69,82,"4.6%"
69,83,"2.7%"
69,85,"0.4%"
69,87,"0.8%"
69,97,"3.2%"
70,74,"12.0%"
70,77,"5.4%"
70,80,"2.9%"
70,81,"4.8%"
70,83,"1.0%"
70,84,"1.2%"
70,85,"1.4%"
70,86,"4.6%"
70,87,"2.0%"
70,88,"0.7%"
70,90,"1.0%"
70,93,"5.6%"
70,95,"3.2%"
70,99,"5.6%"
70,100,"18.2%"
71,64,"3.5%"
71,73,"13.2%"
71,76,"8.8%"
71,77,"6.0%"
71,78,"2.6%"
71,79,"6.2%"
71,81,"2.2%"
71,82,"0.2%"
71,83,"2.4%"
71,84,"3.8%"
71,88,"0.4%"
71,89,"0.3%"
71,92,"1.0%"
71,93,"4.5%"
71,94,"5.4%"
72,72,"5.0%"
72,74,"13.0%"
72,75,"10.4%"
72,77,"10.2%"
72,80,"3.2%"
72,88,"1.1%"
72,90,"7.4%"
72,93,"6.6%"
72,94,"3.2%"
72,96,"6.9%"
73,74,"9.2%"
73,78,"14.6%"
73,81,"2.6%"
73,86,"1.6%"
73,88,"14.0%"
73,89,"3.2%"
73,93,"0.8%"
73,95,"13.8%"
74,72,"4.6%"
74,73,"14.6%"
75,56,"19.6%"
75,70,"27.6%"
75,71,"18.4%"
75,78,"2.2%"
75,80,"1.6%"
75,82,"0.2%"
75,83,"0.8%"
75,84,"3.9%"
75,87,"5.0%"
75,89,"1.8%"
75,91,"1.2%"
76,65,"28.8%"
76,72,"15.8%"
76,73,"9.2%"
76,74,"13.8%"
76,75,"5.4%"
76,79,"2.2%"
76,84,"1.6%"
76,88,"7.2%"
76,89,"2.4%"
76,91,"2.6%"
76,93,"2.0%"
76,94,"2.8%"
76,96,"4.2%"
77,60,"30.4%"
77,67,"15.3%"
77,90,"3.8%"
78,71,"10.1%"
78,75,"11.2%"
78,76,"1.2%"
78,78,"5.0%"
78,84,"4.2%"
78,85,"4.8%"
78,87,"3.4%"
78,88,"4.9%"
78,89,"2.0%"
78,90,"3.9%"
78,97,"2.2%"
79,50,"13.0%"
79,60,"24.8%"
79,66,"18.4%"
79,71,"32.8%"
79,73,"7.4%"
79,75,"3.4%"
79,77,"6.2%"
79,80,"2.5%"
79,82,"7.0%"
79,83,"2.3%"
79,88,"14.6%"
79,90,"61.4%"
79,91,"5.3%"
80,48,"25.4%"
80,64,"22.4%"
80,68,"8.4%"
80,71,"23.0%"
80,74,"5.2%"
80,75,"2.0%"
80,82,"2.6%"
80,83,"3.4%"
80,84,"14.2%"
80,85,"4.2%"
80,90,"16.9%"
80,91,"10.4%"
81,48,"8.8%"
81,65,"7.4%"
81,68,"34.0%"
81,69,"14.3%"
81,72,"6.2%"
81,73,"16.2%"
81,74,"3.6%"
81,75,"7.2%"
81,77,"1.2%"
81,78,"7.0%"
81,79,"49.8%"
81,83,"2.4%"
81,93,"8.4%"
82,63,"21.0%"
82,66,"15.0%"
82,67,"19.4%"
82,71,"25.4%"
82,72,"13.6%"
82,75,"21.6%"
82,78,"2.6%"
82,79,"4.4%"
82,81,"3.2%"
82,82,"8.8%"
82,85,"6.0%"
82,86,"2.2%"
82,88,"4.7%"
82,92,"4.8%"
82,94,"5.2%"
83,59,"19.6%"
83,60,"11.6%"
83,61,"13.8%"
83,63,"8.2%"
83,67,"40.4%"
83,68,"49.4%"
83,70,"10.6%"
83,71,"17.2%"
83,73,"14.8%"
83,75,"20.4%"
83,76,"6.8%"
83,78,"8.4%"
83,79,"17.0%"
83,80,"0.8%"
83,81,"3.0%"
83,82,"11.4%"
83,84,"3.6%"
83,85,"6.0%"
83,88,"6.3%"
84,41,"12.0%"
84,50,"13.6%"
84,56,"15.6%"
84,65,"23.6%"
84,66,"27.4%"
84,68,"5.4%"
84,71,"13.4%"
84,74,"17.5%"
84,80,"1.6%"
84,81,"3.6%"
84,82,"2.0%"
84,83,"3.4%"
84,85,"3.4%"
84,86,"5.5%"
84,87,"2.2%"
84,95,"21.6%"
85,49,"10.0%"
85,62,"29.6%"
85,70,"39.6%"
85,72,"9.0%"
85,77,"23.2%"
85,80,"5.0%"
85,81,"4.4%"
85,82,"3.0%"
85,88,"2.8%"
86,59,"35.6%"
86,60,"14.4%"
86,62,"20.6%"
86,64,"7.4%"
86,66,"15.0%"
86,71,"28.4%"
86,74,"15.8%"
86,77,"2.6%"
86,78,"3.6%"
86,80,"3.0%"
86,81,"4.0%"
86,82,"1.4%"
86,84,"8.8%"
87,57,"28.4%"
87,64,"25.0%"
87,67,"23.2%"
87,69,"26.2%"
87,70,"16.8%"
87,71,"12.0%"
87,72,"21.5%"
87,73,"15.6%"
87,75,"5.8%"
87,77,"3.4%"
87,79,"7.4%"
87,82,"2.0%"
87,83,"3.9%"
87,84,"16.0%"
87,88,"2.4%"
88,59,"9.2%"
88,61,"6.0%"
88,62,"19.2%"
88,64,"23.2%"
88,67,"37.2%"
88,69,"19.6%"
88,74,"6.6%"
89,50,"17.6%"
89,72,"8.0%"
89,74,"26.4%"
90,70,"20.2%"
